id,ISO_code_alpha3,Country,Year,Corporate tax (OECD)
SVK-2001,SVK,Slovak Republic,2001,29.0
SVK-2002,SVK,Slovak Republic,2002,25.0
SVK-2003,SVK,Slovak Republic,2003,25.0
SVK-2004,SVK,Slovak Republic,2004,19.0
SVK-2005,SVK,Slovak Republic,2005,19.0
SVK-2006,SVK,Slovak Republic,2006,19.0
SVK-2007,SVK,Slovak Republic,2007,19.0
SVK-2008,SVK,Slovak Republic,2008,19.0
SVK-2009,SVK,Slovak Republic,2009,19.0
SVK-2010,SVK,Slovak Republic,2010,19.0
SVK-2011,SVK,Slovak Republic,2011,19.0
SVK-2012,SVK,Slovak Republic,2012,19.0
SVK-2013,SVK,Slovak Republic,2013,23.0
SVK-2014,SVK,Slovak Republic,2014,22.0
SVK-2015,SVK,Slovak Republic,2015,22.0
SVK-2016,SVK,Slovak Republic,2016,22.0
SVK-2017,SVK,Slovak Republic,2017,21.0
SVK-2018,SVK,Slovak Republic,2018,21.0
SVK-2019,SVK,Slovak Republic,2019,21.0
SVK-2020,SVK,Slovak Republic,2020,21.0
SVK-2021,SVK,Slovak Republic,2021,21.0
SVK-2022,SVK,Slovak Republic,2022,21.0
AUS-2001,AUS,Australia,2001,30.0
AUS-2002,AUS,Australia,2002,30.0
AUS-2003,AUS,Australia,2003,30.0
AUS-2004,AUS,Australia,2004,30.0
AUS-2005,AUS,Australia,2005,30.0
AUS-2006,AUS,Australia,2006,30.0
AUS-2007,AUS,Australia,2007,30.0
AUS-2008,AUS,Australia,2008,30.0
AUS-2009,AUS,Australia,2009,30.0
AUS-2010,AUS,Australia,2010,30.0
AUS-2011,AUS,Australia,2011,30.0
AUS-2012,AUS,Australia,2012,30.0
AUS-2013,AUS,Australia,2013,30.0
AUS-2014,AUS,Australia,2014,30.0
AUS-2015,AUS,Australia,2015,30.0
AUS-2016,AUS,Australia,2016,30.0
AUS-2017,AUS,Australia,2017,30.0
AUS-2018,AUS,Australia,2018,30.0
AUS-2019,AUS,Australia,2019,30.0
AUS-2020,AUS,Australia,2020,30.0
AUS-2021,AUS,Australia,2021,30.0
AUS-2022,AUS,Australia,2022,30.0
MEX-2001,MEX,Mexico,2001,35.0
MEX-2002,MEX,Mexico,2002,35.0
MEX-2003,MEX,Mexico,2003,34.0
MEX-2004,MEX,Mexico,2004,33.0
MEX-2005,MEX,Mexico,2005,30.0
MEX-2006,MEX,Mexico,2006,29.0
MEX-2007,MEX,Mexico,2007,28.0
MEX-2008,MEX,Mexico,2008,28.0
MEX-2009,MEX,Mexico,2009,28.0
MEX-2010,MEX,Mexico,2010,30.0
MEX-2011,MEX,Mexico,2011,30.0
MEX-2012,MEX,Mexico,2012,30.0
MEX-2013,MEX,Mexico,2013,30.0
MEX-2014,MEX,Mexico,2014,30.0
MEX-2015,MEX,Mexico,2015,30.0
MEX-2016,MEX,Mexico,2016,30.0
MEX-2017,MEX,Mexico,2017,30.0
MEX-2018,MEX,Mexico,2018,30.0
MEX-2019,MEX,Mexico,2019,30.0
MEX-2020,MEX,Mexico,2020,30.0
MEX-2021,MEX,Mexico,2021,30.0
MEX-2022,MEX,Mexico,2022,30.0
USA-2001,USA,United States,2001,35.0
USA-2002,USA,United States,2002,35.0
USA-2003,USA,United States,2003,35.0
USA-2004,USA,United States,2004,35.0
USA-2005,USA,United States,2005,35.0
USA-2006,USA,United States,2006,35.0
USA-2007,USA,United States,2007,35.0
USA-2008,USA,United States,2008,35.0
USA-2009,USA,United States,2009,35.0
USA-2010,USA,United States,2010,35.0
USA-2011,USA,United States,2011,35.0
USA-2012,USA,United States,2012,35.0
USA-2013,USA,United States,2013,35.0
USA-2014,USA,United States,2014,35.0
USA-2015,USA,United States,2015,35.0
USA-2016,USA,United States,2016,35.0
USA-2017,USA,United States,2017,35.0
USA-2018,USA,United States,2018,21.0
USA-2019,USA,United States,2019,21.0
USA-2020,USA,United States,2020,21.0
USA-2021,USA,United States,2021,21.0
USA-2022,USA,United States,2022,21.0
BWA-2001,BWA,Botswana,2001,25.0
BWA-2002,BWA,Botswana,2002,25.0
BWA-2003,BWA,Botswana,2003,25.0
BWA-2004,BWA,Botswana,2004,25.0
BWA-2005,BWA,Botswana,2005,25.0
BWA-2006,BWA,Botswana,2006,25.0
BWA-2007,BWA,Botswana,2007,25.0
BWA-2008,BWA,Botswana,2008,25.0
BWA-2009,BWA,Botswana,2009,25.0
BWA-2010,BWA,Botswana,2010,25.0
BWA-2011,BWA,Botswana,2011,25.0
BWA-2012,BWA,Botswana,2012,22.0
BWA-2013,BWA,Botswana,2013,22.0
BWA-2014,BWA,Botswana,2014,22.0
BWA-2015,BWA,Botswana,2015,22.0
BWA-2016,BWA,Botswana,2016,22.0
BWA-2017,BWA,Botswana,2017,22.0
BWA-2018,BWA,Botswana,2018,22.0
BWA-2019,BWA,Botswana,2019,22.0
BWA-2020,BWA,Botswana,2020,22.0
BWA-2021,BWA,Botswana,2021,22.0
BWA-2022,BWA,Botswana,2022,22.0
JEY-2001,JEY,Jersey,2001,20.0
JEY-2002,JEY,Jersey,2002,20.0
JEY-2003,JEY,Jersey,2003,20.0
JEY-2004,JEY,Jersey,2004,20.0
JEY-2005,JEY,Jersey,2005,20.0
JEY-2006,JEY,Jersey,2006,20.0
JEY-2007,JEY,Jersey,2007,20.0
JEY-2008,JEY,Jersey,2008,20.0
JEY-2009,JEY,Jersey,2009,0.0
JEY-2010,JEY,Jersey,2010,0.0
JEY-2011,JEY,Jersey,2011,0.0
JEY-2012,JEY,Jersey,2012,0.0
JEY-2013,JEY,Jersey,2013,0.0
JEY-2014,JEY,Jersey,2014,0.0
JEY-2015,JEY,Jersey,2015,0.0
JEY-2016,JEY,Jersey,2016,0.0
JEY-2017,JEY,Jersey,2017,0.0
JEY-2018,JEY,Jersey,2018,0.0
JEY-2019,JEY,Jersey,2019,0.0
JEY-2020,JEY,Jersey,2020,0.0
JEY-2021,JEY,Jersey,2021,0.0
JEY-2022,JEY,Jersey,2022,0.0
BRN-2001,BRN,Brunei Darussalam,2001,30.0
BRN-2002,BRN,Brunei Darussalam,2002,30.0
BRN-2003,BRN,Brunei Darussalam,2003,30.0
BRN-2004,BRN,Brunei Darussalam,2004,30.0
BRN-2005,BRN,Brunei Darussalam,2005,30.0
BRN-2006,BRN,Brunei Darussalam,2006,30.0
BRN-2007,BRN,Brunei Darussalam,2007,30.0
BRN-2008,BRN,Brunei Darussalam,2008,27.5
BRN-2009,BRN,Brunei Darussalam,2009,25.5
BRN-2010,BRN,Brunei Darussalam,2010,23.5
BRN-2011,BRN,Brunei Darussalam,2011,22.0
BRN-2012,BRN,Brunei Darussalam,2012,20.0
BRN-2013,BRN,Brunei Darussalam,2013,20.0
BRN-2014,BRN,Brunei Darussalam,2014,20.0
BRN-2015,BRN,Brunei Darussalam,2015,18.5
BRN-2016,BRN,Brunei Darussalam,2016,18.5
BRN-2017,BRN,Brunei Darussalam,2017,18.5
BRN-2018,BRN,Brunei Darussalam,2018,18.5
BRN-2019,BRN,Brunei Darussalam,2019,18.5
BRN-2020,BRN,Brunei Darussalam,2020,18.5
BRN-2021,BRN,Brunei Darussalam,2021,18.5
BRN-2022,BRN,Brunei Darussalam,2022,18.5
FIN-2001,FIN,Finland,2001,29.0
FIN-2002,FIN,Finland,2002,29.0
FIN-2003,FIN,Finland,2003,29.0
FIN-2004,FIN,Finland,2004,29.0
FIN-2005,FIN,Finland,2005,26.0
FIN-2006,FIN,Finland,2006,26.0
FIN-2007,FIN,Finland,2007,26.0
FIN-2008,FIN,Finland,2008,26.0
FIN-2009,FIN,Finland,2009,26.0
FIN-2010,FIN,Finland,2010,26.0
FIN-2011,FIN,Finland,2011,26.0
FIN-2012,FIN,Finland,2012,24.5
FIN-2013,FIN,Finland,2013,24.5
FIN-2014,FIN,Finland,2014,20.0
FIN-2015,FIN,Finland,2015,20.0
FIN-2016,FIN,Finland,2016,20.0
FIN-2017,FIN,Finland,2017,20.0
FIN-2018,FIN,Finland,2018,20.0
FIN-2019,FIN,Finland,2019,20.0
FIN-2020,FIN,Finland,2020,20.0
FIN-2021,FIN,Finland,2021,20.0
FIN-2022,FIN,Finland,2022,20.0
AND-2001,AND,Andorra,2001,0.0
AND-2002,AND,Andorra,2002,0.0
AND-2003,AND,Andorra,2003,0.0
AND-2004,AND,Andorra,2004,0.0
AND-2005,AND,Andorra,2005,0.0
AND-2006,AND,Andorra,2006,0.0
AND-2007,AND,Andorra,2007,0.0
AND-2008,AND,Andorra,2008,0.0
AND-2009,AND,Andorra,2009,0.0
AND-2010,AND,Andorra,2010,0.0
AND-2011,AND,Andorra,2011,0.0
AND-2012,AND,Andorra,2012,10.0
AND-2013,AND,Andorra,2013,10.0
AND-2014,AND,Andorra,2014,10.0
AND-2015,AND,Andorra,2015,10.0
AND-2016,AND,Andorra,2016,10.0
AND-2017,AND,Andorra,2017,10.0
AND-2018,AND,Andorra,2018,10.0
AND-2019,AND,Andorra,2019,10.0
AND-2020,AND,Andorra,2020,10.0
AND-2021,AND,Andorra,2021,10.0
AND-2022,AND,Andorra,2022,10.0
CHN-2001,CHN,China (People's Republic of),2001,33.0
CHN-2002,CHN,China (People's Republic of),2002,33.0
CHN-2003,CHN,China (People's Republic of),2003,33.0
CHN-2004,CHN,China (People's Republic of),2004,33.0
CHN-2005,CHN,China (People's Republic of),2005,33.0
CHN-2006,CHN,China (People's Republic of),2006,33.0
CHN-2007,CHN,China (People's Republic of),2007,33.0
CHN-2008,CHN,China (People's Republic of),2008,25.0
CHN-2009,CHN,China (People's Republic of),2009,25.0
CHN-2010,CHN,China (People's Republic of),2010,25.0
CHN-2011,CHN,China (People's Republic of),2011,25.0
CHN-2012,CHN,China (People's Republic of),2012,25.0
CHN-2013,CHN,China (People's Republic of),2013,25.0
CHN-2014,CHN,China (People's Republic of),2014,25.0
CHN-2015,CHN,China (People's Republic of),2015,25.0
CHN-2016,CHN,China (People's Republic of),2016,25.0
CHN-2017,CHN,China (People's Republic of),2017,25.0
CHN-2018,CHN,China (People's Republic of),2018,25.0
CHN-2019,CHN,China (People's Republic of),2019,25.0
CHN-2020,CHN,China (People's Republic of),2020,25.0
CHN-2021,CHN,China (People's Republic of),2021,25.0
CHN-2022,CHN,China (People's Republic of),2022,25.0
JAM-2001,JAM,Jamaica,2001,33.33
JAM-2002,JAM,Jamaica,2002,33.33
JAM-2003,JAM,Jamaica,2003,33.33
JAM-2004,JAM,Jamaica,2004,33.33
JAM-2005,JAM,Jamaica,2005,33.33
JAM-2006,JAM,Jamaica,2006,33.33
JAM-2007,JAM,Jamaica,2007,33.33
JAM-2008,JAM,Jamaica,2008,33.33
JAM-2009,JAM,Jamaica,2009,33.33
JAM-2010,JAM,Jamaica,2010,33.33
JAM-2011,JAM,Jamaica,2011,33.33
JAM-2012,JAM,Jamaica,2012,33.33
JAM-2013,JAM,Jamaica,2013,25.0
JAM-2014,JAM,Jamaica,2014,25.0
JAM-2015,JAM,Jamaica,2015,25.0
JAM-2016,JAM,Jamaica,2016,25.0
JAM-2017,JAM,Jamaica,2017,25.0
JAM-2018,JAM,Jamaica,2018,25.0
JAM-2019,JAM,Jamaica,2019,25.0
JAM-2020,JAM,Jamaica,2020,25.0
JAM-2021,JAM,Jamaica,2021,25.0
JAM-2022,JAM,Jamaica,2022,25.0
OMN-2001,OMN,Oman,2001,12.0
OMN-2002,OMN,Oman,2002,12.0
OMN-2003,OMN,Oman,2003,12.0
OMN-2004,OMN,Oman,2004,12.0
OMN-2005,OMN,Oman,2005,12.0
OMN-2006,OMN,Oman,2006,12.0
OMN-2007,OMN,Oman,2007,12.0
OMN-2008,OMN,Oman,2008,12.0
OMN-2009,OMN,Oman,2009,12.0
OMN-2010,OMN,Oman,2010,12.0
OMN-2011,OMN,Oman,2011,12.0
OMN-2012,OMN,Oman,2012,12.0
OMN-2013,OMN,Oman,2013,12.0
OMN-2014,OMN,Oman,2014,12.0
OMN-2015,OMN,Oman,2015,12.0
OMN-2016,OMN,Oman,2016,12.0
OMN-2017,OMN,Oman,2017,15.0
OMN-2018,OMN,Oman,2018,15.0
OMN-2019,OMN,Oman,2019,15.0
OMN-2020,OMN,Oman,2020,15.0
OMN-2021,OMN,Oman,2021,15.0
OMN-2022,OMN,Oman,2022,15.0
VCT-2001,VCT,Saint Vincent and the Grenadines,2001,40.0
VCT-2002,VCT,Saint Vincent and the Grenadines,2002,40.0
VCT-2003,VCT,Saint Vincent and the Grenadines,2003,40.0
VCT-2004,VCT,Saint Vincent and the Grenadines,2004,40.0
VCT-2005,VCT,Saint Vincent and the Grenadines,2005,40.0
VCT-2006,VCT,Saint Vincent and the Grenadines,2006,40.0
VCT-2007,VCT,Saint Vincent and the Grenadines,2007,37.5
VCT-2008,VCT,Saint Vincent and the Grenadines,2008,35.0
VCT-2009,VCT,Saint Vincent and the Grenadines,2009,32.5
VCT-2010,VCT,Saint Vincent and the Grenadines,2010,32.5
VCT-2011,VCT,Saint Vincent and the Grenadines,2011,32.5
VCT-2012,VCT,Saint Vincent and the Grenadines,2012,32.5
VCT-2013,VCT,Saint Vincent and the Grenadines,2013,32.5
VCT-2014,VCT,Saint Vincent and the Grenadines,2014,32.5
VCT-2015,VCT,Saint Vincent and the Grenadines,2015,32.5
VCT-2016,VCT,Saint Vincent and the Grenadines,2016,32.5
VCT-2017,VCT,Saint Vincent and the Grenadines,2017,32.5
VCT-2018,VCT,Saint Vincent and the Grenadines,2018,30.0
VCT-2019,VCT,Saint Vincent and the Grenadines,2019,30.0
VCT-2020,VCT,Saint Vincent and the Grenadines,2020,30.0
VCT-2021,VCT,Saint Vincent and the Grenadines,2021,30.0
VCT-2022,VCT,Saint Vincent and the Grenadines,2022,30.0
THA-2001,THA,Thailand,2001,30.0
THA-2002,THA,Thailand,2002,30.0
THA-2003,THA,Thailand,2003,30.0
THA-2004,THA,Thailand,2004,30.0
THA-2005,THA,Thailand,2005,30.0
THA-2006,THA,Thailand,2006,30.0
THA-2007,THA,Thailand,2007,30.0
THA-2008,THA,Thailand,2008,30.0
THA-2009,THA,Thailand,2009,30.0
THA-2010,THA,Thailand,2010,30.0
THA-2011,THA,Thailand,2011,30.0
THA-2012,THA,Thailand,2012,23.0
THA-2013,THA,Thailand,2013,20.0
THA-2014,THA,Thailand,2014,20.0
THA-2015,THA,Thailand,2015,20.0
THA-2016,THA,Thailand,2016,20.0
THA-2017,THA,Thailand,2017,20.0
THA-2018,THA,Thailand,2018,20.0
THA-2019,THA,Thailand,2019,20.0
THA-2020,THA,Thailand,2020,20.0
THA-2021,THA,Thailand,2021,20.0
THA-2022,THA,Thailand,2022,20.0
RUS-2001,RUS,Russia,2001,35.0
RUS-2002,RUS,Russia,2002,24.0
RUS-2003,RUS,Russia,2003,24.0
RUS-2004,RUS,Russia,2004,24.0
RUS-2005,RUS,Russia,2005,24.0
RUS-2006,RUS,Russia,2006,24.0
RUS-2007,RUS,Russia,2007,24.0
RUS-2008,RUS,Russia,2008,24.0
RUS-2009,RUS,Russia,2009,20.0
RUS-2010,RUS,Russia,2010,20.0
RUS-2011,RUS,Russia,2011,20.0
RUS-2012,RUS,Russia,2012,20.0
RUS-2013,RUS,Russia,2013,20.0
RUS-2014,RUS,Russia,2014,20.0
RUS-2015,RUS,Russia,2015,20.0
RUS-2016,RUS,Russia,2016,20.0
RUS-2017,RUS,Russia,2017,20.0
RUS-2018,RUS,Russia,2018,20.0
RUS-2019,RUS,Russia,2019,20.0
RUS-2020,RUS,Russia,2020,20.0
RUS-2021,RUS,Russia,2021,20.0
EST-2001,EST,Estonia,2001,26.0
EST-2002,EST,Estonia,2002,26.0
EST-2003,EST,Estonia,2003,26.0
EST-2004,EST,Estonia,2004,26.0
EST-2005,EST,Estonia,2005,24.0
EST-2006,EST,Estonia,2006,23.0
EST-2007,EST,Estonia,2007,22.0
EST-2008,EST,Estonia,2008,21.0
EST-2009,EST,Estonia,2009,21.0
EST-2010,EST,Estonia,2010,21.0
EST-2011,EST,Estonia,2011,21.0
EST-2012,EST,Estonia,2012,21.0
EST-2013,EST,Estonia,2013,21.0
EST-2014,EST,Estonia,2014,21.0
EST-2015,EST,Estonia,2015,20.0
EST-2016,EST,Estonia,2016,20.0
EST-2017,EST,Estonia,2017,20.0
EST-2018,EST,Estonia,2018,20.0
EST-2019,EST,Estonia,2019,20.0
EST-2020,EST,Estonia,2020,20.0
EST-2021,EST,Estonia,2021,20.0
EST-2022,EST,Estonia,2022,20.0
CHE-2001,CHE,Switzerland,2001,8.5
CHE-2002,CHE,Switzerland,2002,8.5
CHE-2003,CHE,Switzerland,2003,8.5
CHE-2004,CHE,Switzerland,2004,8.5
CHE-2005,CHE,Switzerland,2005,8.5
CHE-2006,CHE,Switzerland,2006,8.5
CHE-2007,CHE,Switzerland,2007,8.5
CHE-2008,CHE,Switzerland,2008,8.5
CHE-2009,CHE,Switzerland,2009,8.5
CHE-2010,CHE,Switzerland,2010,8.5
CHE-2011,CHE,Switzerland,2011,8.5
CHE-2012,CHE,Switzerland,2012,8.5
CHE-2013,CHE,Switzerland,2013,8.5
CHE-2014,CHE,Switzerland,2014,8.5
CHE-2015,CHE,Switzerland,2015,8.5
CHE-2016,CHE,Switzerland,2016,8.5
CHE-2017,CHE,Switzerland,2017,8.5
CHE-2018,CHE,Switzerland,2018,8.5
CHE-2019,CHE,Switzerland,2019,8.5
CHE-2020,CHE,Switzerland,2020,8.5
CHE-2021,CHE,Switzerland,2021,8.5
CHE-2022,CHE,Switzerland,2022,8.5
BHR-2001,BHR,Bahrain,2001,0.0
BHR-2002,BHR,Bahrain,2002,0.0
BHR-2003,BHR,Bahrain,2003,0.0
BHR-2004,BHR,Bahrain,2004,0.0
BHR-2005,BHR,Bahrain,2005,0.0
BHR-2006,BHR,Bahrain,2006,0.0
BHR-2007,BHR,Bahrain,2007,0.0
BHR-2008,BHR,Bahrain,2008,0.0
BHR-2009,BHR,Bahrain,2009,0.0
BHR-2010,BHR,Bahrain,2010,0.0
BHR-2011,BHR,Bahrain,2011,0.0
BHR-2012,BHR,Bahrain,2012,0.0
BHR-2013,BHR,Bahrain,2013,0.0
BHR-2014,BHR,Bahrain,2014,0.0
BHR-2015,BHR,Bahrain,2015,0.0
BHR-2016,BHR,Bahrain,2016,0.0
BHR-2017,BHR,Bahrain,2017,0.0
BHR-2018,BHR,Bahrain,2018,0.0
BHR-2019,BHR,Bahrain,2019,0.0
BHR-2020,BHR,Bahrain,2020,0.0
BHR-2021,BHR,Bahrain,2021,0.0
BHR-2022,BHR,Bahrain,2022,0.0
NOR-2001,NOR,Norway,2001,28.0
NOR-2002,NOR,Norway,2002,28.0
NOR-2003,NOR,Norway,2003,28.0
NOR-2004,NOR,Norway,2004,28.0
NOR-2005,NOR,Norway,2005,23.75
NOR-2006,NOR,Norway,2006,28.0
NOR-2007,NOR,Norway,2007,28.0
NOR-2008,NOR,Norway,2008,28.0
NOR-2009,NOR,Norway,2009,28.0
NOR-2010,NOR,Norway,2010,28.0
NOR-2011,NOR,Norway,2011,28.0
NOR-2012,NOR,Norway,2012,28.0
NOR-2013,NOR,Norway,2013,28.0
NOR-2014,NOR,Norway,2014,27.0
NOR-2015,NOR,Norway,2015,27.0
NOR-2016,NOR,Norway,2016,25.0
NOR-2017,NOR,Norway,2017,24.0
NOR-2018,NOR,Norway,2018,23.0
NOR-2019,NOR,Norway,2019,22.0
NOR-2020,NOR,Norway,2020,22.0
NOR-2021,NOR,Norway,2021,22.0
NOR-2022,NOR,Norway,2022,22.0
MAC-2001,MAC,"Macau, China",2001,15.0
MAC-2002,MAC,"Macau, China",2002,15.0
MAC-2003,MAC,"Macau, China",2003,15.0
MAC-2004,MAC,"Macau, China",2004,12.0
MAC-2005,MAC,"Macau, China",2005,12.0
MAC-2006,MAC,"Macau, China",2006,12.0
MAC-2007,MAC,"Macau, China",2007,12.0
MAC-2008,MAC,"Macau, China",2008,12.0
MAC-2009,MAC,"Macau, China",2009,12.0
MAC-2010,MAC,"Macau, China",2010,12.0
MAC-2011,MAC,"Macau, China",2011,12.0
MAC-2012,MAC,"Macau, China",2012,12.0
MAC-2013,MAC,"Macau, China",2013,12.0
MAC-2014,MAC,"Macau, China",2014,12.0
MAC-2015,MAC,"Macau, China",2015,12.0
MAC-2016,MAC,"Macau, China",2016,12.0
MAC-2017,MAC,"Macau, China",2017,12.0
MAC-2018,MAC,"Macau, China",2018,12.0
MAC-2019,MAC,"Macau, China",2019,12.0
MAC-2020,MAC,"Macau, China",2020,12.0
MAC-2021,MAC,"Macau, China",2021,12.0
COD-2001,COD,Democratic Republic of the Congo,2001,50.0
COD-2002,COD,Democratic Republic of the Congo,2002,40.0
COD-2003,COD,Democratic Republic of the Congo,2003,40.0
COD-2004,COD,Democratic Republic of the Congo,2004,40.0
COD-2005,COD,Democratic Republic of the Congo,2005,40.0
COD-2006,COD,Democratic Republic of the Congo,2006,40.0
COD-2007,COD,Democratic Republic of the Congo,2007,40.0
COD-2008,COD,Democratic Republic of the Congo,2008,40.0
COD-2009,COD,Democratic Republic of the Congo,2009,40.0
COD-2010,COD,Democratic Republic of the Congo,2010,40.0
COD-2011,COD,Democratic Republic of the Congo,2011,40.0
COD-2012,COD,Democratic Republic of the Congo,2012,40.0
COD-2013,COD,Democratic Republic of the Congo,2013,35.0
COD-2014,COD,Democratic Republic of the Congo,2014,35.0
COD-2015,COD,Democratic Republic of the Congo,2015,35.0
COD-2016,COD,Democratic Republic of the Congo,2016,35.0
COD-2017,COD,Democratic Republic of the Congo,2017,35.0
COD-2018,COD,Democratic Republic of the Congo,2018,35.0
COD-2019,COD,Democratic Republic of the Congo,2019,30.0
COD-2020,COD,Democratic Republic of the Congo,2020,30.0
COD-2021,COD,Democratic Republic of the Congo,2021,30.0
COD-2022,COD,Democratic Republic of the Congo,2022,30.0
VNM-2001,VNM,Viet Nam,2001,32.0
VNM-2002,VNM,Viet Nam,2002,32.0
VNM-2003,VNM,Viet Nam,2003,32.0
VNM-2004,VNM,Viet Nam,2004,28.0
VNM-2005,VNM,Viet Nam,2005,28.0
VNM-2006,VNM,Viet Nam,2006,28.0
VNM-2007,VNM,Viet Nam,2007,28.0
VNM-2008,VNM,Viet Nam,2008,28.0
VNM-2009,VNM,Viet Nam,2009,25.0
VNM-2010,VNM,Viet Nam,2010,25.0
VNM-2011,VNM,Viet Nam,2011,25.0
VNM-2012,VNM,Viet Nam,2012,25.0
VNM-2013,VNM,Viet Nam,2013,25.0
VNM-2014,VNM,Viet Nam,2014,22.0
VNM-2015,VNM,Viet Nam,2015,22.0
VNM-2016,VNM,Viet Nam,2016,22.0
VNM-2017,VNM,Viet Nam,2017,20.0
VNM-2018,VNM,Viet Nam,2018,20.0
VNM-2019,VNM,Viet Nam,2019,20.0
VNM-2020,VNM,Viet Nam,2020,20.0
VNM-2021,VNM,Viet Nam,2021,20.0
VNM-2022,VNM,Viet Nam,2022,20.0
GRC-2001,GRC,Greece,2001,37.5
GRC-2002,GRC,Greece,2002,35.0
GRC-2003,GRC,Greece,2003,35.0
GRC-2004,GRC,Greece,2004,35.0
GRC-2005,GRC,Greece,2005,32.0
GRC-2006,GRC,Greece,2006,29.0
GRC-2007,GRC,Greece,2007,25.0
GRC-2008,GRC,Greece,2008,25.0
GRC-2009,GRC,Greece,2009,25.0
GRC-2010,GRC,Greece,2010,24.0
GRC-2011,GRC,Greece,2011,20.0
GRC-2012,GRC,Greece,2012,20.0
GRC-2013,GRC,Greece,2013,26.0
GRC-2014,GRC,Greece,2014,26.0
GRC-2015,GRC,Greece,2015,29.0
GRC-2016,GRC,Greece,2016,29.0
GRC-2017,GRC,Greece,2017,29.0
GRC-2018,GRC,Greece,2018,29.0
GRC-2019,GRC,Greece,2019,24.0
GRC-2020,GRC,Greece,2020,24.0
GRC-2021,GRC,Greece,2021,22.0
GRC-2022,GRC,Greece,2022,22.0
KEN-2001,KEN,Kenya,2001,30.0
KEN-2002,KEN,Kenya,2002,30.0
KEN-2003,KEN,Kenya,2003,30.0
KEN-2004,KEN,Kenya,2004,30.0
KEN-2005,KEN,Kenya,2005,30.0
KEN-2006,KEN,Kenya,2006,30.0
KEN-2007,KEN,Kenya,2007,30.0
KEN-2008,KEN,Kenya,2008,30.0
KEN-2009,KEN,Kenya,2009,30.0
KEN-2010,KEN,Kenya,2010,30.0
KEN-2011,KEN,Kenya,2011,30.0
KEN-2012,KEN,Kenya,2012,30.0
KEN-2013,KEN,Kenya,2013,30.0
KEN-2014,KEN,Kenya,2014,30.0
KEN-2015,KEN,Kenya,2015,30.0
KEN-2016,KEN,Kenya,2016,30.0
KEN-2017,KEN,Kenya,2017,30.0
KEN-2018,KEN,Kenya,2018,30.0
KEN-2019,KEN,Kenya,2019,30.0
KEN-2020,KEN,Kenya,2020,30.0
KEN-2021,KEN,Kenya,2021,30.0
KEN-2022,KEN,Kenya,2022,30.0
PAN-2001,PAN,Panama,2001,30.0
PAN-2002,PAN,Panama,2002,30.0
PAN-2003,PAN,Panama,2003,30.0
PAN-2004,PAN,Panama,2004,30.0
PAN-2005,PAN,Panama,2005,30.0
PAN-2006,PAN,Panama,2006,30.0
PAN-2007,PAN,Panama,2007,30.0
PAN-2008,PAN,Panama,2008,30.0
PAN-2009,PAN,Panama,2009,30.0
PAN-2010,PAN,Panama,2010,27.5
PAN-2011,PAN,Panama,2011,25.0
PAN-2012,PAN,Panama,2012,25.0
PAN-2013,PAN,Panama,2013,25.0
PAN-2014,PAN,Panama,2014,25.0
PAN-2015,PAN,Panama,2015,25.0
PAN-2016,PAN,Panama,2016,25.0
PAN-2017,PAN,Panama,2017,25.0
PAN-2018,PAN,Panama,2018,25.0
PAN-2019,PAN,Panama,2019,25.0
PAN-2020,PAN,Panama,2020,25.0
PAN-2021,PAN,Panama,2021,25.0
PAN-2022,PAN,Panama,2022,25.0
CAN-2001,CAN,Canada,2001,28.12
CAN-2002,CAN,Canada,2002,26.12
CAN-2003,CAN,Canada,2003,24.12
CAN-2004,CAN,Canada,2004,22.12
CAN-2005,CAN,Canada,2005,22.12
CAN-2006,CAN,Canada,2006,22.12
CAN-2007,CAN,Canada,2007,22.12
CAN-2008,CAN,Canada,2008,19.5
CAN-2009,CAN,Canada,2009,19.0
CAN-2010,CAN,Canada,2010,18.0
CAN-2011,CAN,Canada,2011,16.5
CAN-2012,CAN,Canada,2012,15.0
CAN-2013,CAN,Canada,2013,15.0
CAN-2014,CAN,Canada,2014,15.0
CAN-2015,CAN,Canada,2015,15.0
CAN-2016,CAN,Canada,2016,15.0
CAN-2017,CAN,Canada,2017,15.0
CAN-2018,CAN,Canada,2018,15.0
CAN-2019,CAN,Canada,2019,15.0
CAN-2020,CAN,Canada,2020,15.0
CAN-2021,CAN,Canada,2021,15.0
CAN-2022,CAN,Canada,2022,15.0
KOR-2001,KOR,Korea,2001,28.0
KOR-2002,KOR,Korea,2002,27.0
KOR-2003,KOR,Korea,2003,27.0
KOR-2004,KOR,Korea,2004,27.0
KOR-2005,KOR,Korea,2005,25.0
KOR-2006,KOR,Korea,2006,25.0
KOR-2007,KOR,Korea,2007,25.0
KOR-2008,KOR,Korea,2008,25.0
KOR-2009,KOR,Korea,2009,22.0
KOR-2010,KOR,Korea,2010,22.0
KOR-2011,KOR,Korea,2011,22.0
KOR-2012,KOR,Korea,2012,22.0
KOR-2013,KOR,Korea,2013,22.0
KOR-2014,KOR,Korea,2014,22.0
KOR-2015,KOR,Korea,2015,22.0
KOR-2016,KOR,Korea,2016,22.0
KOR-2017,KOR,Korea,2017,22.0
KOR-2018,KOR,Korea,2018,25.0
KOR-2019,KOR,Korea,2019,25.0
KOR-2020,KOR,Korea,2020,25.0
KOR-2021,KOR,Korea,2021,25.0
KOR-2022,KOR,Korea,2022,25.0
MYS-2001,MYS,Malaysia,2001,28.0
MYS-2002,MYS,Malaysia,2002,28.0
MYS-2003,MYS,Malaysia,2003,28.0
MYS-2004,MYS,Malaysia,2004,28.0
MYS-2005,MYS,Malaysia,2005,28.0
MYS-2006,MYS,Malaysia,2006,28.0
MYS-2007,MYS,Malaysia,2007,27.0
MYS-2008,MYS,Malaysia,2008,26.0
MYS-2009,MYS,Malaysia,2009,25.0
MYS-2010,MYS,Malaysia,2010,25.0
MYS-2011,MYS,Malaysia,2011,25.0
MYS-2012,MYS,Malaysia,2012,25.0
MYS-2013,MYS,Malaysia,2013,25.0
MYS-2014,MYS,Malaysia,2014,25.0
MYS-2015,MYS,Malaysia,2015,25.0
MYS-2016,MYS,Malaysia,2016,24.0
MYS-2017,MYS,Malaysia,2017,24.0
MYS-2018,MYS,Malaysia,2018,24.0
MYS-2019,MYS,Malaysia,2019,24.0
MYS-2020,MYS,Malaysia,2020,24.0
MYS-2021,MYS,Malaysia,2021,24.0
GGY-2001,GGY,Guernsey,2001,20.0
GGY-2002,GGY,Guernsey,2002,20.0
GGY-2003,GGY,Guernsey,2003,20.0
GGY-2004,GGY,Guernsey,2004,20.0
GGY-2005,GGY,Guernsey,2005,20.0
GGY-2006,GGY,Guernsey,2006,20.0
GGY-2007,GGY,Guernsey,2007,20.0
GGY-2008,GGY,Guernsey,2008,0.0
GGY-2009,GGY,Guernsey,2009,0.0
GGY-2010,GGY,Guernsey,2010,0.0
GGY-2011,GGY,Guernsey,2011,0.0
GGY-2012,GGY,Guernsey,2012,0.0
GGY-2013,GGY,Guernsey,2013,0.0
GGY-2014,GGY,Guernsey,2014,0.0
GGY-2015,GGY,Guernsey,2015,0.0
GGY-2016,GGY,Guernsey,2016,0.0
GGY-2017,GGY,Guernsey,2017,0.0
GGY-2018,GGY,Guernsey,2018,0.0
GGY-2019,GGY,Guernsey,2019,0.0
GGY-2020,GGY,Guernsey,2020,0.0
GGY-2021,GGY,Guernsey,2021,0.0
GGY-2022,GGY,Guernsey,2022,0.0
SGP-2001,SGP,Singapore,2001,25.5
SGP-2002,SGP,Singapore,2002,24.5
SGP-2003,SGP,Singapore,2003,22.0
SGP-2004,SGP,Singapore,2004,22.0
SGP-2005,SGP,Singapore,2005,20.0
SGP-2006,SGP,Singapore,2006,20.0
SGP-2007,SGP,Singapore,2007,20.0
SGP-2008,SGP,Singapore,2008,18.0
SGP-2009,SGP,Singapore,2009,18.0
SGP-2010,SGP,Singapore,2010,17.0
SGP-2011,SGP,Singapore,2011,17.0
SGP-2012,SGP,Singapore,2012,17.0
SGP-2013,SGP,Singapore,2013,17.0
SGP-2014,SGP,Singapore,2014,17.0
SGP-2015,SGP,Singapore,2015,17.0
SGP-2016,SGP,Singapore,2016,17.0
SGP-2017,SGP,Singapore,2017,17.0
SGP-2018,SGP,Singapore,2018,17.0
SGP-2019,SGP,Singapore,2019,17.0
SGP-2020,SGP,Singapore,2020,17.0
SGP-2021,SGP,Singapore,2021,17.0
SGP-2022,SGP,Singapore,2022,17.0
POL-2001,POL,Poland,2001,28.0
POL-2002,POL,Poland,2002,28.0
POL-2003,POL,Poland,2003,27.0
POL-2004,POL,Poland,2004,19.0
POL-2005,POL,Poland,2005,19.0
POL-2006,POL,Poland,2006,19.0
POL-2007,POL,Poland,2007,19.0
POL-2008,POL,Poland,2008,19.0
POL-2009,POL,Poland,2009,19.0
POL-2010,POL,Poland,2010,19.0
POL-2011,POL,Poland,2011,19.0
POL-2012,POL,Poland,2012,19.0
POL-2013,POL,Poland,2013,19.0
POL-2014,POL,Poland,2014,19.0
POL-2015,POL,Poland,2015,19.0
POL-2016,POL,Poland,2016,19.0
POL-2017,POL,Poland,2017,19.0
POL-2018,POL,Poland,2018,19.0
POL-2019,POL,Poland,2019,19.0
POL-2020,POL,Poland,2020,19.0
POL-2021,POL,Poland,2021,19.0
POL-2022,POL,Poland,2022,19.0
IRL-2001,IRL,Ireland,2001,20.0
IRL-2002,IRL,Ireland,2002,16.0
IRL-2003,IRL,Ireland,2003,12.5
IRL-2004,IRL,Ireland,2004,12.5
IRL-2005,IRL,Ireland,2005,12.5
IRL-2006,IRL,Ireland,2006,12.5
IRL-2007,IRL,Ireland,2007,12.5
IRL-2008,IRL,Ireland,2008,12.5
IRL-2009,IRL,Ireland,2009,12.5
IRL-2010,IRL,Ireland,2010,12.5
IRL-2011,IRL,Ireland,2011,12.5
IRL-2012,IRL,Ireland,2012,12.5
IRL-2013,IRL,Ireland,2013,12.5
IRL-2014,IRL,Ireland,2014,12.5
IRL-2015,IRL,Ireland,2015,12.5
IRL-2016,IRL,Ireland,2016,12.5
IRL-2017,IRL,Ireland,2017,12.5
IRL-2018,IRL,Ireland,2018,12.5
IRL-2019,IRL,Ireland,2019,12.5
IRL-2020,IRL,Ireland,2020,12.5
IRL-2021,IRL,Ireland,2021,12.5
IRL-2022,IRL,Ireland,2022,12.5
CUW-2001,CUW,Curacao,2001,30.0
CUW-2002,CUW,Curacao,2002,30.0
CUW-2003,CUW,Curacao,2003,30.0
CUW-2004,CUW,Curacao,2004,30.0
CUW-2005,CUW,Curacao,2005,30.0
CUW-2006,CUW,Curacao,2006,30.0
CUW-2007,CUW,Curacao,2007,30.0
CUW-2008,CUW,Curacao,2008,30.0
CUW-2009,CUW,Curacao,2009,30.0
CUW-2010,CUW,Curacao,2010,30.0
CUW-2011,CUW,Curacao,2011,30.0
CUW-2012,CUW,Curacao,2012,27.5
CUW-2013,CUW,Curacao,2013,27.5
CUW-2014,CUW,Curacao,2014,27.5
CUW-2015,CUW,Curacao,2015,25.0
CUW-2016,CUW,Curacao,2016,22.0
CUW-2017,CUW,Curacao,2017,22.0
CUW-2018,CUW,Curacao,2018,22.0
CUW-2019,CUW,Curacao,2019,22.0
CUW-2020,CUW,Curacao,2020,22.0
CUW-2021,CUW,Curacao,2021,22.0
CUW-2022,CUW,Curacao,2022,22.0
PER-2001,PER,Peru,2001,30.0
PER-2002,PER,Peru,2002,27.0
PER-2003,PER,Peru,2003,27.0
PER-2004,PER,Peru,2004,30.0
PER-2005,PER,Peru,2005,30.0
PER-2006,PER,Peru,2006,30.0
PER-2007,PER,Peru,2007,30.0
PER-2008,PER,Peru,2008,30.0
PER-2009,PER,Peru,2009,30.0
PER-2010,PER,Peru,2010,30.0
PER-2011,PER,Peru,2011,30.0
PER-2012,PER,Peru,2012,30.0
PER-2013,PER,Peru,2013,30.0
PER-2014,PER,Peru,2014,30.0
PER-2015,PER,Peru,2015,28.0
PER-2016,PER,Peru,2016,28.0
PER-2017,PER,Peru,2017,29.5
PER-2018,PER,Peru,2018,29.5
PER-2019,PER,Peru,2019,29.5
PER-2020,PER,Peru,2020,29.5
PER-2021,PER,Peru,2021,29.5
PER-2022,PER,Peru,2022,29.5
ARE-2001,ARE,United Arab Emirates,2001,0.0
ARE-2002,ARE,United Arab Emirates,2002,0.0
ARE-2003,ARE,United Arab Emirates,2003,0.0
ARE-2004,ARE,United Arab Emirates,2004,0.0
ARE-2005,ARE,United Arab Emirates,2005,0.0
ARE-2006,ARE,United Arab Emirates,2006,0.0
ARE-2007,ARE,United Arab Emirates,2007,0.0
ARE-2008,ARE,United Arab Emirates,2008,0.0
ARE-2009,ARE,United Arab Emirates,2009,0.0
ARE-2010,ARE,United Arab Emirates,2010,0.0
ARE-2011,ARE,United Arab Emirates,2011,0.0
ARE-2012,ARE,United Arab Emirates,2012,0.0
ARE-2013,ARE,United Arab Emirates,2013,0.0
ARE-2014,ARE,United Arab Emirates,2014,0.0
ARE-2015,ARE,United Arab Emirates,2015,0.0
ARE-2016,ARE,United Arab Emirates,2016,0.0
ARE-2017,ARE,United Arab Emirates,2017,0.0
ARE-2018,ARE,United Arab Emirates,2018,0.0
ARE-2019,ARE,United Arab Emirates,2019,0.0
ARE-2020,ARE,United Arab Emirates,2020,0.0
ARE-2021,ARE,United Arab Emirates,2021,0.0
ARE-2022,ARE,United Arab Emirates,2022,0.0
ARG-2001,ARG,Argentina,2001,35.0
ARG-2002,ARG,Argentina,2002,35.0
ARG-2003,ARG,Argentina,2003,35.0
ARG-2004,ARG,Argentina,2004,35.0
ARG-2005,ARG,Argentina,2005,35.0
ARG-2006,ARG,Argentina,2006,35.0
ARG-2007,ARG,Argentina,2007,35.0
ARG-2008,ARG,Argentina,2008,35.0
ARG-2009,ARG,Argentina,2009,35.0
ARG-2010,ARG,Argentina,2010,35.0
ARG-2011,ARG,Argentina,2011,35.0
ARG-2012,ARG,Argentina,2012,35.0
ARG-2013,ARG,Argentina,2013,35.0
ARG-2014,ARG,Argentina,2014,35.0
ARG-2015,ARG,Argentina,2015,35.0
ARG-2016,ARG,Argentina,2016,35.0
ARG-2017,ARG,Argentina,2017,35.0
ARG-2018,ARG,Argentina,2018,30.0
ARG-2019,ARG,Argentina,2019,30.0
ARG-2020,ARG,Argentina,2020,30.0
ARG-2021,ARG,Argentina,2021,30.0
ARG-2022,ARG,Argentina,2022,30.0
BRA-2001,BRA,Brazil,2001,34.0
BRA-2002,BRA,Brazil,2002,34.0
BRA-2003,BRA,Brazil,2003,34.0
BRA-2004,BRA,Brazil,2004,34.0
BRA-2005,BRA,Brazil,2005,34.0
BRA-2006,BRA,Brazil,2006,34.0
BRA-2007,BRA,Brazil,2007,34.0
BRA-2008,BRA,Brazil,2008,34.0
BRA-2009,BRA,Brazil,2009,34.0
BRA-2010,BRA,Brazil,2010,34.0
BRA-2011,BRA,Brazil,2011,34.0
BRA-2012,BRA,Brazil,2012,34.0
BRA-2013,BRA,Brazil,2013,34.0
BRA-2014,BRA,Brazil,2014,34.0
BRA-2015,BRA,Brazil,2015,34.0
BRA-2016,BRA,Brazil,2016,34.0
BRA-2017,BRA,Brazil,2017,34.0
BRA-2018,BRA,Brazil,2018,34.0
BRA-2019,BRA,Brazil,2019,34.0
BRA-2020,BRA,Brazil,2020,34.0
BRA-2021,BRA,Brazil,2021,34.0
BRA-2022,BRA,Brazil,2022,34.0
SRB-2001,SRB,Serbia,2001,20.0
SRB-2002,SRB,Serbia,2002,20.0
SRB-2003,SRB,Serbia,2003,14.0
SRB-2004,SRB,Serbia,2004,10.0
SRB-2005,SRB,Serbia,2005,10.0
SRB-2006,SRB,Serbia,2006,10.0
SRB-2007,SRB,Serbia,2007,10.0
SRB-2008,SRB,Serbia,2008,10.0
SRB-2009,SRB,Serbia,2009,10.0
SRB-2010,SRB,Serbia,2010,10.0
SRB-2011,SRB,Serbia,2011,10.0
SRB-2012,SRB,Serbia,2012,10.0
SRB-2013,SRB,Serbia,2013,15.0
SRB-2014,SRB,Serbia,2014,15.0
SRB-2015,SRB,Serbia,2015,15.0
SRB-2016,SRB,Serbia,2016,15.0
SRB-2017,SRB,Serbia,2017,15.0
SRB-2018,SRB,Serbia,2018,15.0
SRB-2019,SRB,Serbia,2019,15.0
SRB-2020,SRB,Serbia,2020,15.0
SRB-2021,SRB,Serbia,2021,15.0
SRB-2022,SRB,Serbia,2022,15.0
CIV-2001,CIV,Côte d'Ivoire,2001,35.0
CIV-2002,CIV,Côte d'Ivoire,2002,35.0
CIV-2003,CIV,Côte d'Ivoire,2003,35.0
CIV-2004,CIV,Côte d'Ivoire,2004,35.0
CIV-2005,CIV,Côte d'Ivoire,2005,35.0
CIV-2006,CIV,Côte d'Ivoire,2006,27.0
CIV-2007,CIV,Côte d'Ivoire,2007,27.0
CIV-2008,CIV,Côte d'Ivoire,2008,25.0
CIV-2009,CIV,Côte d'Ivoire,2009,25.0
CIV-2010,CIV,Côte d'Ivoire,2010,25.0
CIV-2011,CIV,Côte d'Ivoire,2011,25.0
CIV-2012,CIV,Côte d'Ivoire,2012,25.0
CIV-2013,CIV,Côte d'Ivoire,2013,25.0
CIV-2014,CIV,Côte d'Ivoire,2014,25.0
CIV-2015,CIV,Côte d'Ivoire,2015,25.0
CIV-2016,CIV,Côte d'Ivoire,2016,25.0
CIV-2017,CIV,Côte d'Ivoire,2017,25.0
CIV-2018,CIV,Côte d'Ivoire,2018,25.0
CIV-2019,CIV,Côte d'Ivoire,2019,25.0
CIV-2020,CIV,Côte d'Ivoire,2020,25.0
CIV-2021,CIV,Côte d'Ivoire,2021,25.0
CIV-2022,CIV,Côte d'Ivoire,2022,25.0
MLT-2001,MLT,Malta,2001,35.0
MLT-2002,MLT,Malta,2002,35.0
MLT-2003,MLT,Malta,2003,35.0
MLT-2004,MLT,Malta,2004,35.0
MLT-2005,MLT,Malta,2005,35.0
MLT-2006,MLT,Malta,2006,35.0
MLT-2007,MLT,Malta,2007,35.0
MLT-2008,MLT,Malta,2008,35.0
MLT-2009,MLT,Malta,2009,35.0
MLT-2010,MLT,Malta,2010,35.0
MLT-2011,MLT,Malta,2011,35.0
MLT-2012,MLT,Malta,2012,35.0
MLT-2013,MLT,Malta,2013,35.0
MLT-2014,MLT,Malta,2014,35.0
MLT-2015,MLT,Malta,2015,35.0
MLT-2016,MLT,Malta,2016,35.0
MLT-2017,MLT,Malta,2017,35.0
MLT-2018,MLT,Malta,2018,35.0
MLT-2019,MLT,Malta,2019,35.0
MLT-2020,MLT,Malta,2020,35.0
MLT-2021,MLT,Malta,2021,35.0
MLT-2022,MLT,Malta,2022,35.0
NGA-2001,NGA,Nigeria,2001,30.0
NGA-2002,NGA,Nigeria,2002,30.0
NGA-2003,NGA,Nigeria,2003,30.0
NGA-2004,NGA,Nigeria,2004,30.0
NGA-2005,NGA,Nigeria,2005,30.0
NGA-2006,NGA,Nigeria,2006,30.0
NGA-2007,NGA,Nigeria,2007,30.0
NGA-2008,NGA,Nigeria,2008,30.0
NGA-2009,NGA,Nigeria,2009,30.0
NGA-2010,NGA,Nigeria,2010,30.0
NGA-2011,NGA,Nigeria,2011,30.0
NGA-2012,NGA,Nigeria,2012,30.0
NGA-2013,NGA,Nigeria,2013,30.0
NGA-2014,NGA,Nigeria,2014,30.0
NGA-2015,NGA,Nigeria,2015,30.0
NGA-2016,NGA,Nigeria,2016,30.0
NGA-2017,NGA,Nigeria,2017,30.0
NGA-2018,NGA,Nigeria,2018,30.0
NGA-2019,NGA,Nigeria,2019,30.0
NGA-2020,NGA,Nigeria,2020,30.0
NGA-2021,NGA,Nigeria,2021,30.0
NGA-2022,NGA,Nigeria,2022,30.0
ESP-2001,ESP,Spain,2001,35.0
ESP-2002,ESP,Spain,2002,35.0
ESP-2003,ESP,Spain,2003,35.0
ESP-2004,ESP,Spain,2004,35.0
ESP-2005,ESP,Spain,2005,35.0
ESP-2006,ESP,Spain,2006,35.0
ESP-2007,ESP,Spain,2007,32.5
ESP-2008,ESP,Spain,2008,30.0
ESP-2009,ESP,Spain,2009,30.0
ESP-2010,ESP,Spain,2010,30.0
ESP-2011,ESP,Spain,2011,30.0
ESP-2012,ESP,Spain,2012,30.0
ESP-2013,ESP,Spain,2013,30.0
ESP-2014,ESP,Spain,2014,30.0
ESP-2015,ESP,Spain,2015,28.0
ESP-2016,ESP,Spain,2016,25.0
ESP-2017,ESP,Spain,2017,25.0
ESP-2018,ESP,Spain,2018,25.0
ESP-2019,ESP,Spain,2019,25.0
ESP-2020,ESP,Spain,2020,25.0
ESP-2021,ESP,Spain,2021,25.0
ESP-2022,ESP,Spain,2022,25.0
AUT-2001,AUT,Austria,2001,34.0
AUT-2002,AUT,Austria,2002,34.0
AUT-2003,AUT,Austria,2003,34.0
AUT-2004,AUT,Austria,2004,34.0
AUT-2005,AUT,Austria,2005,25.0
AUT-2006,AUT,Austria,2006,25.0
AUT-2007,AUT,Austria,2007,25.0
AUT-2008,AUT,Austria,2008,25.0
AUT-2009,AUT,Austria,2009,25.0
AUT-2010,AUT,Austria,2010,25.0
AUT-2011,AUT,Austria,2011,25.0
AUT-2012,AUT,Austria,2012,25.0
AUT-2013,AUT,Austria,2013,25.0
AUT-2014,AUT,Austria,2014,25.0
AUT-2015,AUT,Austria,2015,25.0
AUT-2016,AUT,Austria,2016,25.0
AUT-2017,AUT,Austria,2017,25.0
AUT-2018,AUT,Austria,2018,25.0
AUT-2019,AUT,Austria,2019,25.0
AUT-2020,AUT,Austria,2020,25.0
AUT-2021,AUT,Austria,2021,25.0
AUT-2022,AUT,Austria,2022,25.0
NLD-2001,NLD,Netherlands,2001,35.0
NLD-2002,NLD,Netherlands,2002,34.5
NLD-2003,NLD,Netherlands,2003,34.5
NLD-2004,NLD,Netherlands,2004,34.5
NLD-2005,NLD,Netherlands,2005,31.5
NLD-2006,NLD,Netherlands,2006,29.6
NLD-2007,NLD,Netherlands,2007,25.5
NLD-2008,NLD,Netherlands,2008,25.5
NLD-2009,NLD,Netherlands,2009,25.5
NLD-2010,NLD,Netherlands,2010,25.5
NLD-2011,NLD,Netherlands,2011,25.0
NLD-2012,NLD,Netherlands,2012,25.0
NLD-2013,NLD,Netherlands,2013,25.0
NLD-2014,NLD,Netherlands,2014,25.0
NLD-2015,NLD,Netherlands,2015,25.0
NLD-2016,NLD,Netherlands,2016,25.0
NLD-2017,NLD,Netherlands,2017,25.0
NLD-2018,NLD,Netherlands,2018,25.0
NLD-2019,NLD,Netherlands,2019,25.0
NLD-2020,NLD,Netherlands,2020,25.0
NLD-2021,NLD,Netherlands,2021,25.0
NLD-2022,NLD,Netherlands,2022,25.8
AGO-2001,AGO,Angola,2001,35.0
AGO-2002,AGO,Angola,2002,35.0
AGO-2003,AGO,Angola,2003,35.0
AGO-2004,AGO,Angola,2004,35.0
AGO-2005,AGO,Angola,2005,35.0
AGO-2006,AGO,Angola,2006,35.0
AGO-2007,AGO,Angola,2007,35.0
AGO-2008,AGO,Angola,2008,35.0
AGO-2009,AGO,Angola,2009,35.0
AGO-2010,AGO,Angola,2010,35.0
AGO-2011,AGO,Angola,2011,35.0
AGO-2012,AGO,Angola,2012,35.0
AGO-2013,AGO,Angola,2013,35.0
AGO-2014,AGO,Angola,2014,30.0
AGO-2015,AGO,Angola,2015,30.0
AGO-2016,AGO,Angola,2016,30.0
AGO-2017,AGO,Angola,2017,30.0
AGO-2018,AGO,Angola,2018,30.0
AGO-2019,AGO,Angola,2019,30.0
AGO-2020,AGO,Angola,2020,30.0
AGO-2021,AGO,Angola,2021,25.0
AGO-2022,AGO,Angola,2022,25.0
BGR-2001,BGR,Bulgaria,2001,20.0
BGR-2002,BGR,Bulgaria,2002,15.0
BGR-2003,BGR,Bulgaria,2003,23.5
BGR-2004,BGR,Bulgaria,2004,19.5
BGR-2005,BGR,Bulgaria,2005,15.0
BGR-2006,BGR,Bulgaria,2006,15.0
BGR-2007,BGR,Bulgaria,2007,10.0
BGR-2008,BGR,Bulgaria,2008,10.0
BGR-2009,BGR,Bulgaria,2009,10.0
BGR-2010,BGR,Bulgaria,2010,10.0
BGR-2011,BGR,Bulgaria,2011,10.0
BGR-2012,BGR,Bulgaria,2012,10.0
BGR-2013,BGR,Bulgaria,2013,10.0
BGR-2014,BGR,Bulgaria,2014,10.0
BGR-2015,BGR,Bulgaria,2015,10.0
BGR-2016,BGR,Bulgaria,2016,10.0
BGR-2017,BGR,Bulgaria,2017,10.0
BGR-2018,BGR,Bulgaria,2018,10.0
BGR-2019,BGR,Bulgaria,2019,10.0
BGR-2020,BGR,Bulgaria,2020,10.0
BGR-2021,BGR,Bulgaria,2021,10.0
BGR-2022,BGR,Bulgaria,2022,10.0
CYM-2001,CYM,Cayman Islands,2001,0.0
CYM-2002,CYM,Cayman Islands,2002,0.0
CYM-2003,CYM,Cayman Islands,2003,0.0
CYM-2004,CYM,Cayman Islands,2004,0.0
CYM-2005,CYM,Cayman Islands,2005,0.0
CYM-2006,CYM,Cayman Islands,2006,0.0
CYM-2007,CYM,Cayman Islands,2007,0.0
CYM-2008,CYM,Cayman Islands,2008,0.0
CYM-2009,CYM,Cayman Islands,2009,0.0
CYM-2010,CYM,Cayman Islands,2010,0.0
CYM-2011,CYM,Cayman Islands,2011,0.0
CYM-2012,CYM,Cayman Islands,2012,0.0
CYM-2013,CYM,Cayman Islands,2013,0.0
CYM-2014,CYM,Cayman Islands,2014,0.0
CYM-2015,CYM,Cayman Islands,2015,0.0
CYM-2016,CYM,Cayman Islands,2016,0.0
CYM-2017,CYM,Cayman Islands,2017,0.0
CYM-2018,CYM,Cayman Islands,2018,0.0
CYM-2019,CYM,Cayman Islands,2019,0.0
CYM-2020,CYM,Cayman Islands,2020,0.0
CYM-2021,CYM,Cayman Islands,2021,0.0
CYM-2022,CYM,Cayman Islands,2022,0.0
IDN-2001,IDN,Indonesia,2001,30.0
IDN-2002,IDN,Indonesia,2002,30.0
IDN-2003,IDN,Indonesia,2003,30.0
IDN-2004,IDN,Indonesia,2004,30.0
IDN-2005,IDN,Indonesia,2005,30.0
IDN-2006,IDN,Indonesia,2006,30.0
IDN-2007,IDN,Indonesia,2007,30.0
IDN-2008,IDN,Indonesia,2008,30.0
IDN-2009,IDN,Indonesia,2009,28.0
IDN-2010,IDN,Indonesia,2010,25.0
IDN-2011,IDN,Indonesia,2011,25.0
IDN-2012,IDN,Indonesia,2012,25.0
IDN-2013,IDN,Indonesia,2013,25.0
IDN-2014,IDN,Indonesia,2014,25.0
IDN-2015,IDN,Indonesia,2015,25.0
IDN-2016,IDN,Indonesia,2016,25.0
IDN-2017,IDN,Indonesia,2017,25.0
IDN-2018,IDN,Indonesia,2018,25.0
IDN-2019,IDN,Indonesia,2019,25.0
IDN-2020,IDN,Indonesia,2020,22.0
IDN-2021,IDN,Indonesia,2021,22.0
IDN-2022,IDN,Indonesia,2022,22.0
SYC-2001,SYC,Seychelles,2001,40.0
SYC-2002,SYC,Seychelles,2002,40.0
SYC-2003,SYC,Seychelles,2003,40.0
SYC-2004,SYC,Seychelles,2004,40.0
SYC-2005,SYC,Seychelles,2005,40.0
SYC-2006,SYC,Seychelles,2006,40.0
SYC-2007,SYC,Seychelles,2007,40.0
SYC-2008,SYC,Seychelles,2008,40.0
SYC-2009,SYC,Seychelles,2009,40.0
SYC-2010,SYC,Seychelles,2010,33.0
SYC-2011,SYC,Seychelles,2011,33.0
SYC-2012,SYC,Seychelles,2012,33.0
SYC-2013,SYC,Seychelles,2013,30.0
SYC-2014,SYC,Seychelles,2014,30.0
SYC-2015,SYC,Seychelles,2015,30.0
SYC-2016,SYC,Seychelles,2016,30.0
SYC-2017,SYC,Seychelles,2017,30.0
SYC-2018,SYC,Seychelles,2018,30.0
SYC-2019,SYC,Seychelles,2019,30.0
SYC-2020,SYC,Seychelles,2020,30.0
SYC-2021,SYC,Seychelles,2021,30.0
SYC-2022,SYC,Seychelles,2022,25.0
TUR-2001,TUR,Türkiye,2001,33.0
TUR-2002,TUR,Türkiye,2002,33.0
TUR-2003,TUR,Türkiye,2003,30.0
TUR-2004,TUR,Türkiye,2004,33.0
TUR-2005,TUR,Türkiye,2005,30.0
TUR-2006,TUR,Türkiye,2006,20.0
TUR-2007,TUR,Türkiye,2007,20.0
TUR-2008,TUR,Türkiye,2008,20.0
TUR-2009,TUR,Türkiye,2009,20.0
TUR-2010,TUR,Türkiye,2010,20.0
TUR-2011,TUR,Türkiye,2011,20.0
TUR-2012,TUR,Türkiye,2012,20.0
TUR-2013,TUR,Türkiye,2013,20.0
TUR-2014,TUR,Türkiye,2014,20.0
TUR-2015,TUR,Türkiye,2015,20.0
TUR-2016,TUR,Türkiye,2016,20.0
TUR-2017,TUR,Türkiye,2017,20.0
TUR-2018,TUR,Türkiye,2018,22.0
TUR-2019,TUR,Türkiye,2019,22.0
TUR-2020,TUR,Türkiye,2020,22.0
TUR-2021,TUR,Türkiye,2021,25.0
TUR-2022,TUR,Türkiye,2022,23.0
BMU-2001,BMU,Bermuda,2001,0.0
BMU-2002,BMU,Bermuda,2002,0.0
BMU-2003,BMU,Bermuda,2003,0.0
BMU-2004,BMU,Bermuda,2004,0.0
BMU-2005,BMU,Bermuda,2005,0.0
BMU-2006,BMU,Bermuda,2006,0.0
BMU-2007,BMU,Bermuda,2007,0.0
BMU-2008,BMU,Bermuda,2008,0.0
BMU-2009,BMU,Bermuda,2009,0.0
BMU-2010,BMU,Bermuda,2010,0.0
BMU-2011,BMU,Bermuda,2011,0.0
BMU-2012,BMU,Bermuda,2012,0.0
BMU-2013,BMU,Bermuda,2013,0.0
BMU-2014,BMU,Bermuda,2014,0.0
BMU-2015,BMU,Bermuda,2015,0.0
BMU-2016,BMU,Bermuda,2016,0.0
BMU-2017,BMU,Bermuda,2017,0.0
BMU-2018,BMU,Bermuda,2018,0.0
BMU-2019,BMU,Bermuda,2019,0.0
BMU-2020,BMU,Bermuda,2020,0.0
BMU-2021,BMU,Bermuda,2021,0.0
BMU-2022,BMU,Bermuda,2022,0.0
GAB-2001,GAB,Gabon,2001,35.0
GAB-2002,GAB,Gabon,2002,35.0
GAB-2003,GAB,Gabon,2003,35.0
GAB-2004,GAB,Gabon,2004,35.0
GAB-2005,GAB,Gabon,2005,35.0
GAB-2006,GAB,Gabon,2006,35.0
GAB-2007,GAB,Gabon,2007,35.0
GAB-2008,GAB,Gabon,2008,35.0
GAB-2009,GAB,Gabon,2009,35.0
GAB-2010,GAB,Gabon,2010,35.0
GAB-2011,GAB,Gabon,2011,35.0
GAB-2012,GAB,Gabon,2012,35.0
GAB-2013,GAB,Gabon,2013,35.0
GAB-2014,GAB,Gabon,2014,30.0
GAB-2015,GAB,Gabon,2015,30.0
GAB-2016,GAB,Gabon,2016,30.0
GAB-2017,GAB,Gabon,2017,30.0
GAB-2018,GAB,Gabon,2018,30.0
GAB-2019,GAB,Gabon,2019,30.0
GAB-2020,GAB,Gabon,2020,30.0
GAB-2021,GAB,Gabon,2021,30.0
GAB-2022,GAB,Gabon,2022,30.0
NZL-2001,NZL,New Zealand,2001,33.0
NZL-2002,NZL,New Zealand,2002,33.0
NZL-2003,NZL,New Zealand,2003,33.0
NZL-2004,NZL,New Zealand,2004,33.0
NZL-2005,NZL,New Zealand,2005,33.0
NZL-2006,NZL,New Zealand,2006,33.0
NZL-2007,NZL,New Zealand,2007,33.0
NZL-2008,NZL,New Zealand,2008,30.0
NZL-2009,NZL,New Zealand,2009,30.0
NZL-2010,NZL,New Zealand,2010,30.0
NZL-2011,NZL,New Zealand,2011,28.0
NZL-2012,NZL,New Zealand,2012,28.0
NZL-2013,NZL,New Zealand,2013,28.0
NZL-2014,NZL,New Zealand,2014,28.0
NZL-2015,NZL,New Zealand,2015,28.0
NZL-2016,NZL,New Zealand,2016,28.0
NZL-2017,NZL,New Zealand,2017,28.0
NZL-2018,NZL,New Zealand,2018,28.0
NZL-2019,NZL,New Zealand,2019,28.0
NZL-2020,NZL,New Zealand,2020,28.0
NZL-2021,NZL,New Zealand,2021,28.0
NZL-2022,NZL,New Zealand,2022,28.0
AIA-2001,AIA,Anguilla,2001,0.0
AIA-2002,AIA,Anguilla,2002,0.0
AIA-2003,AIA,Anguilla,2003,0.0
AIA-2004,AIA,Anguilla,2004,0.0
AIA-2005,AIA,Anguilla,2005,0.0
AIA-2006,AIA,Anguilla,2006,0.0
AIA-2007,AIA,Anguilla,2007,0.0
AIA-2008,AIA,Anguilla,2008,0.0
AIA-2009,AIA,Anguilla,2009,0.0
AIA-2010,AIA,Anguilla,2010,0.0
AIA-2011,AIA,Anguilla,2011,0.0
AIA-2012,AIA,Anguilla,2012,0.0
AIA-2013,AIA,Anguilla,2013,0.0
AIA-2014,AIA,Anguilla,2014,0.0
AIA-2015,AIA,Anguilla,2015,0.0
AIA-2016,AIA,Anguilla,2016,0.0
AIA-2017,AIA,Anguilla,2017,0.0
AIA-2018,AIA,Anguilla,2018,0.0
AIA-2019,AIA,Anguilla,2019,0.0
AIA-2020,AIA,Anguilla,2020,0.0
AIA-2021,AIA,Anguilla,2021,0.0
AIA-2022,AIA,Anguilla,2022,0.0
MSR-2001,MSR,Montserrat,2001,30.0
MSR-2002,MSR,Montserrat,2002,30.0
MSR-2003,MSR,Montserrat,2003,30.0
MSR-2004,MSR,Montserrat,2004,30.0
MSR-2005,MSR,Montserrat,2005,30.0
MSR-2006,MSR,Montserrat,2006,30.0
MSR-2007,MSR,Montserrat,2007,30.0
MSR-2008,MSR,Montserrat,2008,30.0
MSR-2009,MSR,Montserrat,2009,30.0
MSR-2010,MSR,Montserrat,2010,30.0
MSR-2011,MSR,Montserrat,2011,30.0
MSR-2012,MSR,Montserrat,2012,30.0
MSR-2013,MSR,Montserrat,2013,30.0
MSR-2014,MSR,Montserrat,2014,30.0
MSR-2015,MSR,Montserrat,2015,30.0
MSR-2016,MSR,Montserrat,2016,30.0
MSR-2017,MSR,Montserrat,2017,30.0
MSR-2018,MSR,Montserrat,2018,30.0
MSR-2019,MSR,Montserrat,2019,30.0
MSR-2020,MSR,Montserrat,2020,30.0
MSR-2021,MSR,Montserrat,2021,30.0
MSR-2022,MSR,Montserrat,2022,30.0
ZAF-2001,ZAF,South Africa,2001,30.0
ZAF-2002,ZAF,South Africa,2002,30.0
ZAF-2003,ZAF,South Africa,2003,30.0
ZAF-2004,ZAF,South Africa,2004,30.0
ZAF-2005,ZAF,South Africa,2005,29.0
ZAF-2006,ZAF,South Africa,2006,29.0
ZAF-2007,ZAF,South Africa,2007,29.0
ZAF-2008,ZAF,South Africa,2008,28.0
ZAF-2009,ZAF,South Africa,2009,28.0
ZAF-2010,ZAF,South Africa,2010,28.0
ZAF-2011,ZAF,South Africa,2011,28.0
ZAF-2012,ZAF,South Africa,2012,28.0
ZAF-2013,ZAF,South Africa,2013,28.0
ZAF-2014,ZAF,South Africa,2014,28.0
ZAF-2015,ZAF,South Africa,2015,28.0
ZAF-2016,ZAF,South Africa,2016,28.0
ZAF-2017,ZAF,South Africa,2017,28.0
ZAF-2018,ZAF,South Africa,2018,28.0
ZAF-2019,ZAF,South Africa,2019,28.0
ZAF-2020,ZAF,South Africa,2020,28.0
ZAF-2021,ZAF,South Africa,2021,28.0
ZAF-2022,ZAF,South Africa,2022,27.0
HUN-2001,HUN,Hungary,2001,18.0
HUN-2002,HUN,Hungary,2002,18.0
HUN-2003,HUN,Hungary,2003,18.0
HUN-2004,HUN,Hungary,2004,16.0
HUN-2005,HUN,Hungary,2005,16.0
HUN-2006,HUN,Hungary,2006,17.33
HUN-2007,HUN,Hungary,2007,20.0
HUN-2008,HUN,Hungary,2008,20.0
HUN-2009,HUN,Hungary,2009,20.0
HUN-2010,HUN,Hungary,2010,19.0
HUN-2011,HUN,Hungary,2011,19.0
HUN-2012,HUN,Hungary,2012,19.0
HUN-2013,HUN,Hungary,2013,19.0
HUN-2014,HUN,Hungary,2014,19.0
HUN-2015,HUN,Hungary,2015,19.0
HUN-2016,HUN,Hungary,2016,19.0
HUN-2017,HUN,Hungary,2017,9.0
HUN-2018,HUN,Hungary,2018,9.0
HUN-2019,HUN,Hungary,2019,9.0
HUN-2020,HUN,Hungary,2020,9.0
HUN-2021,HUN,Hungary,2021,9.0
HUN-2022,HUN,Hungary,2022,9.0
CZE-2001,CZE,Czech Republic,2001,31.0
CZE-2002,CZE,Czech Republic,2002,31.0
CZE-2003,CZE,Czech Republic,2003,31.0
CZE-2004,CZE,Czech Republic,2004,28.0
CZE-2005,CZE,Czech Republic,2005,26.0
CZE-2006,CZE,Czech Republic,2006,24.0
CZE-2007,CZE,Czech Republic,2007,24.0
CZE-2008,CZE,Czech Republic,2008,21.0
CZE-2009,CZE,Czech Republic,2009,20.0
CZE-2010,CZE,Czech Republic,2010,19.0
CZE-2011,CZE,Czech Republic,2011,19.0
CZE-2012,CZE,Czech Republic,2012,19.0
CZE-2013,CZE,Czech Republic,2013,19.0
CZE-2014,CZE,Czech Republic,2014,19.0
CZE-2015,CZE,Czech Republic,2015,19.0
CZE-2016,CZE,Czech Republic,2016,19.0
CZE-2017,CZE,Czech Republic,2017,19.0
CZE-2018,CZE,Czech Republic,2018,19.0
CZE-2019,CZE,Czech Republic,2019,19.0
CZE-2020,CZE,Czech Republic,2020,19.0
CZE-2021,CZE,Czech Republic,2021,19.0
CZE-2022,CZE,Czech Republic,2022,19.0
LUX-2001,LUX,Luxembourg,2001,31.2
LUX-2002,LUX,Luxembourg,2002,22.88
LUX-2003,LUX,Luxembourg,2003,22.88
LUX-2004,LUX,Luxembourg,2004,22.88
LUX-2005,LUX,Luxembourg,2005,22.88
LUX-2006,LUX,Luxembourg,2006,22.88
LUX-2007,LUX,Luxembourg,2007,22.88
LUX-2008,LUX,Luxembourg,2008,22.88
LUX-2009,LUX,Luxembourg,2009,21.84
LUX-2010,LUX,Luxembourg,2010,21.84
LUX-2011,LUX,Luxembourg,2011,22.05
LUX-2012,LUX,Luxembourg,2012,22.05
LUX-2013,LUX,Luxembourg,2013,22.47
LUX-2014,LUX,Luxembourg,2014,22.47
LUX-2015,LUX,Luxembourg,2015,22.47
LUX-2016,LUX,Luxembourg,2016,22.47
LUX-2017,LUX,Luxembourg,2017,20.33
LUX-2018,LUX,Luxembourg,2018,19.26
LUX-2019,LUX,Luxembourg,2019,18.19
LUX-2020,LUX,Luxembourg,2020,18.19
LUX-2021,LUX,Luxembourg,2021,18.19
LUX-2022,LUX,Luxembourg,2022,18.19
MDV-2001,MDV,Maldives,2001,0.0
MDV-2002,MDV,Maldives,2002,0.0
MDV-2003,MDV,Maldives,2003,0.0
MDV-2004,MDV,Maldives,2004,0.0
MDV-2005,MDV,Maldives,2005,0.0
MDV-2006,MDV,Maldives,2006,0.0
MDV-2007,MDV,Maldives,2007,0.0
MDV-2008,MDV,Maldives,2008,0.0
MDV-2009,MDV,Maldives,2009,0.0
MDV-2010,MDV,Maldives,2010,0.0
MDV-2011,MDV,Maldives,2011,15.0
MDV-2012,MDV,Maldives,2012,15.0
MDV-2013,MDV,Maldives,2013,15.0
MDV-2014,MDV,Maldives,2014,15.0
MDV-2015,MDV,Maldives,2015,15.0
MDV-2016,MDV,Maldives,2016,15.0
MDV-2017,MDV,Maldives,2017,15.0
MDV-2018,MDV,Maldives,2018,15.0
MDV-2019,MDV,Maldives,2019,15.0
MDV-2020,MDV,Maldives,2020,15.0
MDV-2021,MDV,Maldives,2021,15.0
MDV-2022,MDV,Maldives,2022,15.0
SAU-2001,SAU,Saudi Arabia,2001,30.0
SAU-2002,SAU,Saudi Arabia,2002,30.0
SAU-2003,SAU,Saudi Arabia,2003,30.0
SAU-2004,SAU,Saudi Arabia,2004,30.0
SAU-2005,SAU,Saudi Arabia,2005,20.0
SAU-2006,SAU,Saudi Arabia,2006,20.0
SAU-2007,SAU,Saudi Arabia,2007,20.0
SAU-2008,SAU,Saudi Arabia,2008,20.0
SAU-2009,SAU,Saudi Arabia,2009,20.0
SAU-2010,SAU,Saudi Arabia,2010,20.0
SAU-2011,SAU,Saudi Arabia,2011,20.0
SAU-2012,SAU,Saudi Arabia,2012,20.0
SAU-2013,SAU,Saudi Arabia,2013,20.0
SAU-2014,SAU,Saudi Arabia,2014,20.0
SAU-2015,SAU,Saudi Arabia,2015,20.0
SAU-2016,SAU,Saudi Arabia,2016,20.0
SAU-2017,SAU,Saudi Arabia,2017,20.0
SAU-2018,SAU,Saudi Arabia,2018,20.0
SAU-2019,SAU,Saudi Arabia,2019,20.0
SAU-2020,SAU,Saudi Arabia,2020,20.0
SAU-2021,SAU,Saudi Arabia,2021,20.0
SAU-2022,SAU,Saudi Arabia,2022,20.0
URY-2001,URY,Uruguay,2001,30.0
URY-2002,URY,Uruguay,2002,35.0
URY-2003,URY,Uruguay,2003,35.0
URY-2004,URY,Uruguay,2004,30.0
URY-2005,URY,Uruguay,2005,30.0
URY-2006,URY,Uruguay,2006,30.0
URY-2007,URY,Uruguay,2007,30.0
URY-2008,URY,Uruguay,2008,25.0
URY-2009,URY,Uruguay,2009,25.0
URY-2010,URY,Uruguay,2010,25.0
URY-2011,URY,Uruguay,2011,25.0
URY-2012,URY,Uruguay,2012,25.0
URY-2013,URY,Uruguay,2013,25.0
URY-2014,URY,Uruguay,2014,25.0
URY-2015,URY,Uruguay,2015,25.0
URY-2016,URY,Uruguay,2016,25.0
URY-2017,URY,Uruguay,2017,25.0
URY-2018,URY,Uruguay,2018,25.0
URY-2019,URY,Uruguay,2019,25.0
URY-2020,URY,Uruguay,2020,25.0
URY-2021,URY,Uruguay,2021,25.0
URY-2022,URY,Uruguay,2022,25.0
SVN-2001,SVN,Slovenia,2001,25.0
SVN-2002,SVN,Slovenia,2002,25.0
SVN-2003,SVN,Slovenia,2003,25.0
SVN-2004,SVN,Slovenia,2004,25.0
SVN-2005,SVN,Slovenia,2005,25.0
SVN-2006,SVN,Slovenia,2006,25.0
SVN-2007,SVN,Slovenia,2007,23.0
SVN-2008,SVN,Slovenia,2008,22.0
SVN-2009,SVN,Slovenia,2009,21.0
SVN-2010,SVN,Slovenia,2010,20.0
SVN-2011,SVN,Slovenia,2011,20.0
SVN-2012,SVN,Slovenia,2012,18.0
SVN-2013,SVN,Slovenia,2013,17.0
SVN-2014,SVN,Slovenia,2014,17.0
SVN-2015,SVN,Slovenia,2015,17.0
SVN-2016,SVN,Slovenia,2016,17.0
SVN-2017,SVN,Slovenia,2017,19.0
SVN-2018,SVN,Slovenia,2018,19.0
SVN-2019,SVN,Slovenia,2019,19.0
SVN-2020,SVN,Slovenia,2020,19.0
SVN-2021,SVN,Slovenia,2021,19.0
SVN-2022,SVN,Slovenia,2022,19.0
ITA-2001,ITA,Italy,2001,36.0
ITA-2002,ITA,Italy,2002,36.0
ITA-2003,ITA,Italy,2003,34.0
ITA-2004,ITA,Italy,2004,33.0
ITA-2005,ITA,Italy,2005,33.0
ITA-2006,ITA,Italy,2006,33.0
ITA-2007,ITA,Italy,2007,33.0
ITA-2008,ITA,Italy,2008,27.5
ITA-2009,ITA,Italy,2009,27.5
ITA-2010,ITA,Italy,2010,27.5
ITA-2011,ITA,Italy,2011,27.5
ITA-2012,ITA,Italy,2012,27.5
ITA-2013,ITA,Italy,2013,27.5
ITA-2014,ITA,Italy,2014,27.5
ITA-2015,ITA,Italy,2015,27.5
ITA-2016,ITA,Italy,2016,27.5
ITA-2017,ITA,Italy,2017,24.0
ITA-2018,ITA,Italy,2018,24.0
ITA-2019,ITA,Italy,2019,24.0
ITA-2020,ITA,Italy,2020,24.0
ITA-2021,ITA,Italy,2021,24.0
ITA-2022,ITA,Italy,2022,24.0
VGB-2001,VGB,British Virgin Islands,2001,15.0
VGB-2002,VGB,British Virgin Islands,2002,15.0
VGB-2003,VGB,British Virgin Islands,2003,15.0
VGB-2004,VGB,British Virgin Islands,2004,15.0
VGB-2005,VGB,British Virgin Islands,2005,0.0
VGB-2006,VGB,British Virgin Islands,2006,0.0
VGB-2007,VGB,British Virgin Islands,2007,0.0
VGB-2008,VGB,British Virgin Islands,2008,0.0
VGB-2009,VGB,British Virgin Islands,2009,0.0
VGB-2010,VGB,British Virgin Islands,2010,0.0
VGB-2011,VGB,British Virgin Islands,2011,0.0
VGB-2012,VGB,British Virgin Islands,2012,0.0
VGB-2013,VGB,British Virgin Islands,2013,0.0
VGB-2014,VGB,British Virgin Islands,2014,0.0
VGB-2015,VGB,British Virgin Islands,2015,0.0
VGB-2016,VGB,British Virgin Islands,2016,0.0
VGB-2017,VGB,British Virgin Islands,2017,0.0
VGB-2018,VGB,British Virgin Islands,2018,0.0
VGB-2019,VGB,British Virgin Islands,2019,0.0
VGB-2020,VGB,British Virgin Islands,2020,0.0
VGB-2021,VGB,British Virgin Islands,2021,0.0
VGB-2022,VGB,British Virgin Islands,2022,0.0
LIE-2001,LIE,Liechtenstein,2001,20.0
LIE-2002,LIE,Liechtenstein,2002,20.0
LIE-2003,LIE,Liechtenstein,2003,20.0
LIE-2004,LIE,Liechtenstein,2004,20.0
LIE-2005,LIE,Liechtenstein,2005,20.0
LIE-2006,LIE,Liechtenstein,2006,20.0
LIE-2007,LIE,Liechtenstein,2007,20.0
LIE-2008,LIE,Liechtenstein,2008,20.0
LIE-2009,LIE,Liechtenstein,2009,20.0
LIE-2010,LIE,Liechtenstein,2010,20.0
LIE-2011,LIE,Liechtenstein,2011,12.5
LIE-2012,LIE,Liechtenstein,2012,12.5
LIE-2013,LIE,Liechtenstein,2013,12.5
LIE-2014,LIE,Liechtenstein,2014,12.5
LIE-2015,LIE,Liechtenstein,2015,12.5
LIE-2016,LIE,Liechtenstein,2016,12.5
LIE-2017,LIE,Liechtenstein,2017,12.5
LIE-2018,LIE,Liechtenstein,2018,12.5
LIE-2019,LIE,Liechtenstein,2019,12.5
LIE-2020,LIE,Liechtenstein,2020,12.5
LIE-2021,LIE,Liechtenstein,2021,12.5
LIE-2022,LIE,Liechtenstein,2022,12.5
ROU-2001,ROU,Romania,2001,25.0
ROU-2002,ROU,Romania,2002,25.0
ROU-2003,ROU,Romania,2003,25.0
ROU-2004,ROU,Romania,2004,25.0
ROU-2005,ROU,Romania,2005,16.0
ROU-2006,ROU,Romania,2006,16.0
ROU-2007,ROU,Romania,2007,16.0
ROU-2008,ROU,Romania,2008,16.0
ROU-2009,ROU,Romania,2009,16.0
ROU-2010,ROU,Romania,2010,16.0
ROU-2011,ROU,Romania,2011,16.0
ROU-2012,ROU,Romania,2012,16.0
ROU-2013,ROU,Romania,2013,16.0
ROU-2014,ROU,Romania,2014,16.0
ROU-2015,ROU,Romania,2015,16.0
ROU-2016,ROU,Romania,2016,16.0
ROU-2017,ROU,Romania,2017,16.0
ROU-2018,ROU,Romania,2018,16.0
ROU-2019,ROU,Romania,2019,16.0
ROU-2020,ROU,Romania,2020,16.0
ROU-2021,ROU,Romania,2021,16.0
ROU-2022,ROU,Romania,2022,16.0
FRA-2001,FRA,France,2001,36.433
FRA-2002,FRA,France,2002,35.433
FRA-2003,FRA,France,2003,35.433
FRA-2004,FRA,France,2004,35.433
FRA-2005,FRA,France,2005,34.933
FRA-2006,FRA,France,2006,34.433
FRA-2007,FRA,France,2007,34.433
FRA-2008,FRA,France,2008,34.433
FRA-2009,FRA,France,2009,34.433
FRA-2010,FRA,France,2010,34.433
FRA-2011,FRA,France,2011,36.1
FRA-2012,FRA,France,2012,36.1
FRA-2013,FRA,France,2013,38.0
FRA-2014,FRA,France,2014,38.0
FRA-2015,FRA,France,2015,38.0
FRA-2016,FRA,France,2016,34.433
FRA-2017,FRA,France,2017,44.433
FRA-2018,FRA,France,2018,34.433
FRA-2019,FRA,France,2019,34.433
FRA-2020,FRA,France,2020,32.023
FRA-2021,FRA,France,2021,28.408
FRA-2022,FRA,France,2022,25.825
HRV-2001,HRV,Croatia,2001,20.0
HRV-2002,HRV,Croatia,2002,20.0
HRV-2003,HRV,Croatia,2003,20.0
HRV-2004,HRV,Croatia,2004,20.0
HRV-2005,HRV,Croatia,2005,20.0
HRV-2006,HRV,Croatia,2006,20.0
HRV-2007,HRV,Croatia,2007,20.0
HRV-2008,HRV,Croatia,2008,20.0
HRV-2009,HRV,Croatia,2009,20.0
HRV-2010,HRV,Croatia,2010,20.0
HRV-2011,HRV,Croatia,2011,20.0
HRV-2012,HRV,Croatia,2012,20.0
HRV-2013,HRV,Croatia,2013,20.0
HRV-2014,HRV,Croatia,2014,20.0
HRV-2015,HRV,Croatia,2015,20.0
HRV-2016,HRV,Croatia,2016,20.0
HRV-2017,HRV,Croatia,2017,18.0
HRV-2018,HRV,Croatia,2018,18.0
HRV-2019,HRV,Croatia,2019,18.0
HRV-2020,HRV,Croatia,2020,18.0
HRV-2021,HRV,Croatia,2021,18.0
HRV-2022,HRV,Croatia,2022,18.0
HKG-2001,HKG,"Hong Kong, China",2001,16.0
HKG-2002,HKG,"Hong Kong, China",2002,16.0
HKG-2003,HKG,"Hong Kong, China",2003,17.5
HKG-2004,HKG,"Hong Kong, China",2004,17.5
HKG-2005,HKG,"Hong Kong, China",2005,17.5
HKG-2006,HKG,"Hong Kong, China",2006,17.5
HKG-2007,HKG,"Hong Kong, China",2007,17.5
HKG-2008,HKG,"Hong Kong, China",2008,16.5
HKG-2009,HKG,"Hong Kong, China",2009,16.5
HKG-2010,HKG,"Hong Kong, China",2010,16.5
HKG-2011,HKG,"Hong Kong, China",2011,16.5
HKG-2012,HKG,"Hong Kong, China",2012,16.5
HKG-2013,HKG,"Hong Kong, China",2013,16.5
HKG-2014,HKG,"Hong Kong, China",2014,16.5
HKG-2015,HKG,"Hong Kong, China",2015,16.5
HKG-2016,HKG,"Hong Kong, China",2016,16.5
HKG-2017,HKG,"Hong Kong, China",2017,16.5
HKG-2018,HKG,"Hong Kong, China",2018,16.5
HKG-2019,HKG,"Hong Kong, China",2019,16.5
HKG-2020,HKG,"Hong Kong, China",2020,16.5
HKG-2021,HKG,"Hong Kong, China",2021,16.5
HKG-2022,HKG,"Hong Kong, China",2022,16.5
ISR-2001,ISR,Israel,2001,36.0
ISR-2002,ISR,Israel,2002,36.0
ISR-2003,ISR,Israel,2003,36.0
ISR-2004,ISR,Israel,2004,35.0
ISR-2005,ISR,Israel,2005,34.0
ISR-2006,ISR,Israel,2006,31.0
ISR-2007,ISR,Israel,2007,29.0
ISR-2008,ISR,Israel,2008,27.0
ISR-2009,ISR,Israel,2009,26.0
ISR-2010,ISR,Israel,2010,25.0
ISR-2011,ISR,Israel,2011,24.0
ISR-2012,ISR,Israel,2012,25.0
ISR-2013,ISR,Israel,2013,25.0
ISR-2014,ISR,Israel,2014,26.5
ISR-2015,ISR,Israel,2015,26.5
ISR-2016,ISR,Israel,2016,25.0
ISR-2017,ISR,Israel,2017,24.0
ISR-2018,ISR,Israel,2018,23.0
ISR-2019,ISR,Israel,2019,23.0
ISR-2020,ISR,Israel,2020,23.0
ISR-2021,ISR,Israel,2021,23.0
ISR-2022,ISR,Israel,2022,23.0
SWE-2001,SWE,Sweden,2001,28.0
SWE-2002,SWE,Sweden,2002,28.0
SWE-2003,SWE,Sweden,2003,28.0
SWE-2004,SWE,Sweden,2004,28.0
SWE-2005,SWE,Sweden,2005,28.0
SWE-2006,SWE,Sweden,2006,28.0
SWE-2007,SWE,Sweden,2007,28.0
SWE-2008,SWE,Sweden,2008,28.0
SWE-2009,SWE,Sweden,2009,26.3
SWE-2010,SWE,Sweden,2010,26.3
SWE-2011,SWE,Sweden,2011,26.3
SWE-2012,SWE,Sweden,2012,26.3
SWE-2013,SWE,Sweden,2013,22.0
SWE-2014,SWE,Sweden,2014,22.0
SWE-2015,SWE,Sweden,2015,22.0
SWE-2016,SWE,Sweden,2016,22.0
SWE-2017,SWE,Sweden,2017,22.0
SWE-2018,SWE,Sweden,2018,22.0
SWE-2019,SWE,Sweden,2019,21.4
SWE-2020,SWE,Sweden,2020,21.4
SWE-2021,SWE,Sweden,2021,20.6
SWE-2022,SWE,Sweden,2022,20.6
BEL-2001,BEL,Belgium,2001,39.0
BEL-2002,BEL,Belgium,2002,39.0
BEL-2003,BEL,Belgium,2003,33.0
BEL-2004,BEL,Belgium,2004,33.0
BEL-2005,BEL,Belgium,2005,33.0
BEL-2006,BEL,Belgium,2006,33.0
BEL-2007,BEL,Belgium,2007,33.0
BEL-2008,BEL,Belgium,2008,33.0
BEL-2009,BEL,Belgium,2009,33.0
BEL-2010,BEL,Belgium,2010,33.0
BEL-2011,BEL,Belgium,2011,33.0
BEL-2012,BEL,Belgium,2012,33.0
BEL-2013,BEL,Belgium,2013,33.0
BEL-2014,BEL,Belgium,2014,33.0
BEL-2015,BEL,Belgium,2015,33.0
BEL-2016,BEL,Belgium,2016,33.0
BEL-2017,BEL,Belgium,2017,33.0
BEL-2018,BEL,Belgium,2018,29.0
BEL-2019,BEL,Belgium,2019,29.0
BEL-2020,BEL,Belgium,2020,25.0
BEL-2021,BEL,Belgium,2021,25.0
BEL-2022,BEL,Belgium,2022,25.0
BHS-2001,BHS,Bahamas,2001,0.0
BHS-2002,BHS,Bahamas,2002,0.0
BHS-2003,BHS,Bahamas,2003,0.0
BHS-2004,BHS,Bahamas,2004,0.0
BHS-2005,BHS,Bahamas,2005,0.0
BHS-2006,BHS,Bahamas,2006,0.0
BHS-2007,BHS,Bahamas,2007,0.0
BHS-2008,BHS,Bahamas,2008,0.0
BHS-2009,BHS,Bahamas,2009,0.0
BHS-2010,BHS,Bahamas,2010,0.0
BHS-2011,BHS,Bahamas,2011,0.0
BHS-2012,BHS,Bahamas,2012,0.0
BHS-2013,BHS,Bahamas,2013,0.0
BHS-2014,BHS,Bahamas,2014,0.0
BHS-2015,BHS,Bahamas,2015,0.0
BHS-2016,BHS,Bahamas,2016,0.0
BHS-2017,BHS,Bahamas,2017,0.0
BHS-2018,BHS,Bahamas,2018,0.0
BHS-2019,BHS,Bahamas,2019,0.0
BHS-2020,BHS,Bahamas,2020,0.0
BHS-2021,BHS,Bahamas,2021,0.0
BHS-2022,BHS,Bahamas,2022,0.0
SEN-2001,SEN,Senegal,2001,35.0
SEN-2002,SEN,Senegal,2002,35.0
SEN-2003,SEN,Senegal,2003,35.0
SEN-2004,SEN,Senegal,2004,33.0
SEN-2005,SEN,Senegal,2005,33.0
SEN-2006,SEN,Senegal,2006,25.0
SEN-2007,SEN,Senegal,2007,25.0
SEN-2008,SEN,Senegal,2008,25.0
SEN-2009,SEN,Senegal,2009,25.0
SEN-2010,SEN,Senegal,2010,25.0
SEN-2011,SEN,Senegal,2011,25.0
SEN-2012,SEN,Senegal,2012,30.0
SEN-2013,SEN,Senegal,2013,30.0
SEN-2014,SEN,Senegal,2014,30.0
SEN-2015,SEN,Senegal,2015,30.0
SEN-2016,SEN,Senegal,2016,30.0
SEN-2017,SEN,Senegal,2017,32.5
SEN-2018,SEN,Senegal,2018,30.0
SEN-2019,SEN,Senegal,2019,30.0
SEN-2020,SEN,Senegal,2020,30.0
SEN-2021,SEN,Senegal,2021,30.0
SEN-2022,SEN,Senegal,2022,30.0
BFA-2001,BFA,Burkina Faso,2001,35.0
BFA-2002,BFA,Burkina Faso,2002,35.0
BFA-2003,BFA,Burkina Faso,2003,35.0
BFA-2004,BFA,Burkina Faso,2004,35.0
BFA-2005,BFA,Burkina Faso,2005,35.0
BFA-2006,BFA,Burkina Faso,2006,35.0
BFA-2007,BFA,Burkina Faso,2007,35.0
BFA-2008,BFA,Burkina Faso,2008,30.0
BFA-2009,BFA,Burkina Faso,2009,30.0
BFA-2010,BFA,Burkina Faso,2010,27.5
BFA-2011,BFA,Burkina Faso,2011,27.5
BFA-2012,BFA,Burkina Faso,2012,27.5
BFA-2013,BFA,Burkina Faso,2013,27.5
BFA-2014,BFA,Burkina Faso,2014,27.5
BFA-2015,BFA,Burkina Faso,2015,27.5
BFA-2016,BFA,Burkina Faso,2016,27.5
BFA-2017,BFA,Burkina Faso,2017,27.5
BFA-2018,BFA,Burkina Faso,2018,27.5
BFA-2019,BFA,Burkina Faso,2019,27.5
BFA-2020,BFA,Burkina Faso,2020,27.5
BFA-2021,BFA,Burkina Faso,2021,27.5
BFA-2022,BFA,Burkina Faso,2022,27.5
MCO-2001,MCO,Monaco,2001,33.33
MCO-2002,MCO,Monaco,2002,33.33
MCO-2003,MCO,Monaco,2003,33.33
MCO-2004,MCO,Monaco,2004,33.33
MCO-2005,MCO,Monaco,2005,33.33
MCO-2006,MCO,Monaco,2006,33.33
MCO-2007,MCO,Monaco,2007,33.33
MCO-2008,MCO,Monaco,2008,33.33
MCO-2009,MCO,Monaco,2009,33.33
MCO-2010,MCO,Monaco,2010,33.33
MCO-2011,MCO,Monaco,2011,33.33
MCO-2012,MCO,Monaco,2012,33.33
MCO-2013,MCO,Monaco,2013,33.33
MCO-2014,MCO,Monaco,2014,33.33
MCO-2015,MCO,Monaco,2015,33.33
MCO-2016,MCO,Monaco,2016,33.33
MCO-2017,MCO,Monaco,2017,33.33
MCO-2018,MCO,Monaco,2018,33.33
MCO-2019,MCO,Monaco,2019,31.0
MCO-2020,MCO,Monaco,2020,28.0
MCO-2021,MCO,Monaco,2021,26.5
MCO-2022,MCO,Monaco,2022,25.0
DEU-2001,DEU,Germany,2001,26.375
DEU-2002,DEU,Germany,2002,26.375
DEU-2003,DEU,Germany,2003,27.958
DEU-2004,DEU,Germany,2004,26.375
DEU-2005,DEU,Germany,2005,26.375
DEU-2006,DEU,Germany,2006,26.375
DEU-2007,DEU,Germany,2007,26.375
DEU-2008,DEU,Germany,2008,15.825
DEU-2009,DEU,Germany,2009,15.825
DEU-2010,DEU,Germany,2010,15.825
DEU-2011,DEU,Germany,2011,15.825
DEU-2012,DEU,Germany,2012,15.825
DEU-2013,DEU,Germany,2013,15.825
DEU-2014,DEU,Germany,2014,15.825
DEU-2015,DEU,Germany,2015,15.825
DEU-2016,DEU,Germany,2016,15.825
DEU-2017,DEU,Germany,2017,15.825
DEU-2018,DEU,Germany,2018,15.825
DEU-2019,DEU,Germany,2019,15.825
DEU-2020,DEU,Germany,2020,15.825
DEU-2021,DEU,Germany,2021,15.825
DEU-2022,DEU,Germany,2022,15.825
EGY-2001,EGY,Egypt,2001,42.0
EGY-2002,EGY,Egypt,2002,42.0
EGY-2003,EGY,Egypt,2003,42.0
EGY-2004,EGY,Egypt,2004,42.0
EGY-2005,EGY,Egypt,2005,20.0
EGY-2006,EGY,Egypt,2006,20.0
EGY-2007,EGY,Egypt,2007,20.0
EGY-2008,EGY,Egypt,2008,20.0
EGY-2009,EGY,Egypt,2009,20.0
EGY-2010,EGY,Egypt,2010,20.0
EGY-2011,EGY,Egypt,2011,20.0
EGY-2012,EGY,Egypt,2012,25.0
EGY-2013,EGY,Egypt,2013,25.0
EGY-2014,EGY,Egypt,2014,27.5
EGY-2015,EGY,Egypt,2015,22.5
EGY-2016,EGY,Egypt,2016,22.5
EGY-2017,EGY,Egypt,2017,22.5
EGY-2018,EGY,Egypt,2018,22.5
EGY-2019,EGY,Egypt,2019,22.5
EGY-2020,EGY,Egypt,2020,22.5
EGY-2021,EGY,Egypt,2021,22.5
LVA-2001,LVA,Latvia,2001,25.0
LVA-2002,LVA,Latvia,2002,22.0
LVA-2003,LVA,Latvia,2003,19.0
LVA-2004,LVA,Latvia,2004,15.0
LVA-2005,LVA,Latvia,2005,15.0
LVA-2006,LVA,Latvia,2006,15.0
LVA-2007,LVA,Latvia,2007,15.0
LVA-2008,LVA,Latvia,2008,15.0
LVA-2009,LVA,Latvia,2009,15.0
LVA-2010,LVA,Latvia,2010,15.0
LVA-2011,LVA,Latvia,2011,15.0
LVA-2012,LVA,Latvia,2012,15.0
LVA-2013,LVA,Latvia,2013,15.0
LVA-2014,LVA,Latvia,2014,15.0
LVA-2015,LVA,Latvia,2015,15.0
LVA-2016,LVA,Latvia,2016,15.0
LVA-2017,LVA,Latvia,2017,15.0
LVA-2018,LVA,Latvia,2018,20.0
LVA-2019,LVA,Latvia,2019,20.0
LVA-2020,LVA,Latvia,2020,20.0
LVA-2021,LVA,Latvia,2021,20.0
LVA-2022,LVA,Latvia,2022,20.0
LTU-2001,LTU,Lithuania,2001,24.0
LTU-2002,LTU,Lithuania,2002,15.0
LTU-2003,LTU,Lithuania,2003,15.0
LTU-2004,LTU,Lithuania,2004,15.0
LTU-2005,LTU,Lithuania,2005,15.0
LTU-2006,LTU,Lithuania,2006,19.0
LTU-2007,LTU,Lithuania,2007,18.0
LTU-2008,LTU,Lithuania,2008,15.0
LTU-2009,LTU,Lithuania,2009,20.0
LTU-2010,LTU,Lithuania,2010,15.0
LTU-2011,LTU,Lithuania,2011,15.0
LTU-2012,LTU,Lithuania,2012,15.0
LTU-2013,LTU,Lithuania,2013,15.0
LTU-2014,LTU,Lithuania,2014,15.0
LTU-2015,LTU,Lithuania,2015,15.0
LTU-2016,LTU,Lithuania,2016,15.0
LTU-2017,LTU,Lithuania,2017,15.0
LTU-2018,LTU,Lithuania,2018,15.0
LTU-2019,LTU,Lithuania,2019,15.0
LTU-2020,LTU,Lithuania,2020,15.0
LTU-2021,LTU,Lithuania,2021,15.0
LTU-2022,LTU,Lithuania,2022,15.0
TCA-2001,TCA,Turks and Caicos Islands,2001,0.0
TCA-2002,TCA,Turks and Caicos Islands,2002,0.0
TCA-2003,TCA,Turks and Caicos Islands,2003,0.0
TCA-2004,TCA,Turks and Caicos Islands,2004,0.0
TCA-2005,TCA,Turks and Caicos Islands,2005,0.0
TCA-2006,TCA,Turks and Caicos Islands,2006,0.0
TCA-2007,TCA,Turks and Caicos Islands,2007,0.0
TCA-2008,TCA,Turks and Caicos Islands,2008,0.0
TCA-2009,TCA,Turks and Caicos Islands,2009,0.0
TCA-2010,TCA,Turks and Caicos Islands,2010,0.0
TCA-2011,TCA,Turks and Caicos Islands,2011,0.0
TCA-2012,TCA,Turks and Caicos Islands,2012,0.0
TCA-2013,TCA,Turks and Caicos Islands,2013,0.0
TCA-2014,TCA,Turks and Caicos Islands,2014,0.0
TCA-2015,TCA,Turks and Caicos Islands,2015,0.0
TCA-2016,TCA,Turks and Caicos Islands,2016,0.0
TCA-2017,TCA,Turks and Caicos Islands,2017,0.0
TCA-2018,TCA,Turks and Caicos Islands,2018,0.0
TCA-2019,TCA,Turks and Caicos Islands,2019,0.0
TCA-2020,TCA,Turks and Caicos Islands,2020,0.0
TCA-2021,TCA,Turks and Caicos Islands,2021,0.0
TCA-2022,TCA,Turks and Caicos Islands,2022,0.0
IND-2001,IND,India,2001,51.88
IND-2002,IND,India,2002,35.7
IND-2003,IND,India,2003,44.85
IND-2004,IND,India,2004,44.25
IND-2005,IND,India,2005,42.96
IND-2006,IND,India,2006,42.96
IND-2007,IND,India,2007,44.93
IND-2008,IND,India,2008,45.21
IND-2009,IND,India,2009,45.21
IND-2010,IND,India,2010,44.31
IND-2011,IND,India,2011,43.4
IND-2012,IND,India,2012,43.4
IND-2013,IND,India,2013,45.21
IND-2014,IND,India,2014,47.43
IND-2015,IND,India,2015,47.92
IND-2016,IND,India,2016,47.92
IND-2017,IND,India,2017,47.92
IND-2018,IND,India,2018,48.32
IND-2019,IND,India,2019,40.55
IND-2020,IND,India,2020,25.17
IND-2021,IND,India,2021,25.17
IND-2022,IND,India,2022,25.17
PRT-2001,PRT,Portugal,2001,32.0
PRT-2002,PRT,Portugal,2002,30.0
PRT-2003,PRT,Portugal,2003,30.0
PRT-2004,PRT,Portugal,2004,25.0
PRT-2005,PRT,Portugal,2005,25.0
PRT-2006,PRT,Portugal,2006,25.0
PRT-2007,PRT,Portugal,2007,25.0
PRT-2008,PRT,Portugal,2008,25.0
PRT-2009,PRT,Portugal,2009,25.0
PRT-2010,PRT,Portugal,2010,25.0
PRT-2011,PRT,Portugal,2011,27.0
PRT-2012,PRT,Portugal,2012,30.0
PRT-2013,PRT,Portugal,2013,30.0
PRT-2014,PRT,Portugal,2014,30.0
PRT-2015,PRT,Portugal,2015,28.0
PRT-2016,PRT,Portugal,2016,28.0
PRT-2017,PRT,Portugal,2017,28.0
PRT-2018,PRT,Portugal,2018,30.0
PRT-2019,PRT,Portugal,2019,30.0
PRT-2020,PRT,Portugal,2020,30.0
PRT-2021,PRT,Portugal,2021,30.0
PRT-2022,PRT,Portugal,2022,30.0
GBR-2001,GBR,United Kingdom,2001,30.0
GBR-2002,GBR,United Kingdom,2002,30.0
GBR-2003,GBR,United Kingdom,2003,30.0
GBR-2004,GBR,United Kingdom,2004,30.0
GBR-2005,GBR,United Kingdom,2005,30.0
GBR-2006,GBR,United Kingdom,2006,30.0
GBR-2007,GBR,United Kingdom,2007,30.0
GBR-2008,GBR,United Kingdom,2008,28.0
GBR-2009,GBR,United Kingdom,2009,28.0
GBR-2010,GBR,United Kingdom,2010,28.0
GBR-2011,GBR,United Kingdom,2011,26.0
GBR-2012,GBR,United Kingdom,2012,24.0
GBR-2013,GBR,United Kingdom,2013,23.0
GBR-2014,GBR,United Kingdom,2014,21.0
GBR-2015,GBR,United Kingdom,2015,20.0
GBR-2016,GBR,United Kingdom,2016,20.0
GBR-2017,GBR,United Kingdom,2017,19.0
GBR-2018,GBR,United Kingdom,2018,19.0
GBR-2019,GBR,United Kingdom,2019,19.0
GBR-2020,GBR,United Kingdom,2020,19.0
GBR-2021,GBR,United Kingdom,2021,19.0
GBR-2022,GBR,United Kingdom,2022,19.0
MUS-2001,MUS,Mauritius,2001,25.0
MUS-2002,MUS,Mauritius,2002,25.0
MUS-2003,MUS,Mauritius,2003,25.0
MUS-2004,MUS,Mauritius,2004,25.0
MUS-2005,MUS,Mauritius,2005,22.5
MUS-2006,MUS,Mauritius,2006,15.0
MUS-2007,MUS,Mauritius,2007,15.0
MUS-2008,MUS,Mauritius,2008,15.0
MUS-2009,MUS,Mauritius,2009,15.0
MUS-2010,MUS,Mauritius,2010,15.0
MUS-2011,MUS,Mauritius,2011,15.0
MUS-2012,MUS,Mauritius,2012,15.0
MUS-2013,MUS,Mauritius,2013,15.0
MUS-2014,MUS,Mauritius,2014,15.0
MUS-2015,MUS,Mauritius,2015,15.0
MUS-2016,MUS,Mauritius,2016,15.0
MUS-2017,MUS,Mauritius,2017,15.0
MUS-2018,MUS,Mauritius,2018,15.0
MUS-2019,MUS,Mauritius,2019,15.0
MUS-2020,MUS,Mauritius,2020,15.0
MUS-2021,MUS,Mauritius,2021,15.0
MUS-2022,MUS,Mauritius,2022,15.0
JPN-2001,JPN,Japan,2001,30.0
JPN-2002,JPN,Japan,2002,30.0
JPN-2003,JPN,Japan,2003,30.0
JPN-2004,JPN,Japan,2004,30.0
JPN-2005,JPN,Japan,2005,30.0
JPN-2006,JPN,Japan,2006,30.0
JPN-2007,JPN,Japan,2007,30.0
JPN-2008,JPN,Japan,2008,30.0
JPN-2009,JPN,Japan,2009,30.0
JPN-2010,JPN,Japan,2010,30.0
JPN-2011,JPN,Japan,2011,30.0
JPN-2012,JPN,Japan,2012,28.05
JPN-2013,JPN,Japan,2013,28.05
JPN-2014,JPN,Japan,2014,23.9
JPN-2015,JPN,Japan,2015,23.9
JPN-2016,JPN,Japan,2016,23.4
JPN-2017,JPN,Japan,2017,23.4
JPN-2018,JPN,Japan,2018,23.2
JPN-2019,JPN,Japan,2019,23.2
JPN-2020,JPN,Japan,2020,23.2
JPN-2021,JPN,Japan,2021,23.2
JPN-2022,JPN,Japan,2022,23.2
IMN-2001,IMN,Isle of Man,2001,18.0
IMN-2002,IMN,Isle of Man,2002,18.0
IMN-2003,IMN,Isle of Man,2003,18.0
IMN-2004,IMN,Isle of Man,2004,18.0
IMN-2005,IMN,Isle of Man,2005,18.0
IMN-2006,IMN,Isle of Man,2006,0.0
IMN-2007,IMN,Isle of Man,2007,0.0
IMN-2008,IMN,Isle of Man,2008,0.0
IMN-2009,IMN,Isle of Man,2009,0.0
IMN-2010,IMN,Isle of Man,2010,0.0
IMN-2011,IMN,Isle of Man,2011,0.0
IMN-2012,IMN,Isle of Man,2012,0.0
IMN-2013,IMN,Isle of Man,2013,0.0
IMN-2014,IMN,Isle of Man,2014,0.0
IMN-2015,IMN,Isle of Man,2015,0.0
IMN-2016,IMN,Isle of Man,2016,0.0
IMN-2017,IMN,Isle of Man,2017,0.0
IMN-2018,IMN,Isle of Man,2018,0.0
IMN-2019,IMN,Isle of Man,2019,0.0
IMN-2020,IMN,Isle of Man,2020,0.0
IMN-2021,IMN,Isle of Man,2021,0.0
IMN-2022,IMN,Isle of Man,2022,0.0
BRB-2001,BRB,Barbados,2001,40.0
BRB-2002,BRB,Barbados,2002,37.5
BRB-2003,BRB,Barbados,2003,36.0
BRB-2004,BRB,Barbados,2004,33.0
BRB-2005,BRB,Barbados,2005,30.0
BRB-2006,BRB,Barbados,2006,25.0
BRB-2007,BRB,Barbados,2007,25.0
BRB-2008,BRB,Barbados,2008,25.0
BRB-2009,BRB,Barbados,2009,25.0
BRB-2010,BRB,Barbados,2010,25.0
BRB-2011,BRB,Barbados,2011,25.0
BRB-2012,BRB,Barbados,2012,25.0
BRB-2013,BRB,Barbados,2013,25.0
BRB-2014,BRB,Barbados,2014,25.0
BRB-2015,BRB,Barbados,2015,25.0
BRB-2016,BRB,Barbados,2016,25.0
BRB-2017,BRB,Barbados,2017,25.0
BRB-2018,BRB,Barbados,2018,25.0
BRB-2019,BRB,Barbados,2019,5.5
BRB-2020,BRB,Barbados,2020,5.5
BRB-2021,BRB,Barbados,2021,5.5
BRB-2022,BRB,Barbados,2022,5.5
ISL-2001,ISL,Iceland,2001,30.0
ISL-2002,ISL,Iceland,2002,18.0
ISL-2003,ISL,Iceland,2003,18.0
ISL-2004,ISL,Iceland,2004,18.0
ISL-2005,ISL,Iceland,2005,18.0
ISL-2006,ISL,Iceland,2006,18.0
ISL-2007,ISL,Iceland,2007,18.0
ISL-2008,ISL,Iceland,2008,15.0
ISL-2009,ISL,Iceland,2009,15.0
ISL-2010,ISL,Iceland,2010,18.0
ISL-2011,ISL,Iceland,2011,20.0
ISL-2012,ISL,Iceland,2012,20.0
ISL-2013,ISL,Iceland,2013,20.0
ISL-2014,ISL,Iceland,2014,20.0
ISL-2015,ISL,Iceland,2015,20.0
ISL-2016,ISL,Iceland,2016,20.0
ISL-2017,ISL,Iceland,2017,20.0
ISL-2018,ISL,Iceland,2018,20.0
ISL-2019,ISL,Iceland,2019,20.0
ISL-2020,ISL,Iceland,2020,20.0
ISL-2021,ISL,Iceland,2021,20.0
ISL-2022,ISL,Iceland,2022,20.0
LBR-2001,LBR,Liberia,2001,35.0
LBR-2002,LBR,Liberia,2002,35.0
LBR-2003,LBR,Liberia,2003,35.0
LBR-2004,LBR,Liberia,2004,35.0
LBR-2005,LBR,Liberia,2005,35.0
LBR-2006,LBR,Liberia,2006,35.0
LBR-2007,LBR,Liberia,2007,35.0
LBR-2008,LBR,Liberia,2008,35.0
LBR-2009,LBR,Liberia,2009,35.0
LBR-2010,LBR,Liberia,2010,35.0
LBR-2011,LBR,Liberia,2011,25.0
LBR-2012,LBR,Liberia,2012,25.0
LBR-2013,LBR,Liberia,2013,25.0
LBR-2014,LBR,Liberia,2014,25.0
LBR-2015,LBR,Liberia,2015,25.0
LBR-2016,LBR,Liberia,2016,25.0
LBR-2017,LBR,Liberia,2017,25.0
LBR-2018,LBR,Liberia,2018,25.0
LBR-2019,LBR,Liberia,2019,25.0
LBR-2020,LBR,Liberia,2020,25.0
LBR-2021,LBR,Liberia,2021,25.0
LBR-2022,LBR,Liberia,2022,25.0
DNK-2001,DNK,Denmark,2001,30.0
DNK-2002,DNK,Denmark,2002,30.0
DNK-2003,DNK,Denmark,2003,30.0
DNK-2004,DNK,Denmark,2004,30.0
DNK-2005,DNK,Denmark,2005,28.0
DNK-2006,DNK,Denmark,2006,28.0
DNK-2007,DNK,Denmark,2007,25.0
DNK-2008,DNK,Denmark,2008,25.0
DNK-2009,DNK,Denmark,2009,25.0
DNK-2010,DNK,Denmark,2010,25.0
DNK-2011,DNK,Denmark,2011,25.0
DNK-2012,DNK,Denmark,2012,25.0
DNK-2013,DNK,Denmark,2013,25.0
DNK-2014,DNK,Denmark,2014,24.5
DNK-2015,DNK,Denmark,2015,23.5
DNK-2016,DNK,Denmark,2016,22.0
DNK-2017,DNK,Denmark,2017,22.0
DNK-2018,DNK,Denmark,2018,22.0
DNK-2019,DNK,Denmark,2019,22.0
DNK-2020,DNK,Denmark,2020,22.0
DNK-2021,DNK,Denmark,2021,22.0
DNK-2022,DNK,Denmark,2022,22.0
PRY-2001,PRY,Paraguay,2001,30.0
PRY-2002,PRY,Paraguay,2002,30.0
PRY-2003,PRY,Paraguay,2003,30.0
PRY-2004,PRY,Paraguay,2004,30.0
PRY-2005,PRY,Paraguay,2005,20.0
PRY-2006,PRY,Paraguay,2006,10.0
PRY-2007,PRY,Paraguay,2007,10.0
PRY-2008,PRY,Paraguay,2008,10.0
PRY-2009,PRY,Paraguay,2009,10.0
PRY-2010,PRY,Paraguay,2010,10.0
PRY-2011,PRY,Paraguay,2011,10.0
PRY-2012,PRY,Paraguay,2012,10.0
PRY-2013,PRY,Paraguay,2013,10.0
PRY-2014,PRY,Paraguay,2014,10.0
PRY-2015,PRY,Paraguay,2015,10.0
PRY-2016,PRY,Paraguay,2016,10.0
PRY-2017,PRY,Paraguay,2017,10.0
PRY-2018,PRY,Paraguay,2018,10.0
PRY-2019,PRY,Paraguay,2019,10.0
PRY-2020,PRY,Paraguay,2020,10.0
PRY-2021,PRY,Paraguay,2021,10.0
PRY-2022,PRY,Paraguay,2022,10.0
CHL-2001,CHL,Chile,2001,15.0
CHL-2002,CHL,Chile,2002,16.0
CHL-2003,CHL,Chile,2003,16.5
CHL-2004,CHL,Chile,2004,17.0
CHL-2005,CHL,Chile,2005,17.0
CHL-2006,CHL,Chile,2006,17.0
CHL-2007,CHL,Chile,2007,17.0
CHL-2008,CHL,Chile,2008,17.0
CHL-2009,CHL,Chile,2009,17.0
CHL-2010,CHL,Chile,2010,17.0
CHL-2011,CHL,Chile,2011,20.0
CHL-2012,CHL,Chile,2012,20.0
CHL-2013,CHL,Chile,2013,20.0
CHL-2014,CHL,Chile,2014,21.0
CHL-2015,CHL,Chile,2015,22.5
CHL-2016,CHL,Chile,2016,24.0
CHL-2017,CHL,Chile,2017,25.0
CHL-2018,CHL,Chile,2018,25.0
CHL-2019,CHL,Chile,2019,25.0
CHL-2020,CHL,Chile,2020,10.0
CHL-2021,CHL,Chile,2021,10.0
CHL-2022,CHL,Chile,2022,10.0
ABW-2001,ABW,Aruba,2001,49.45
ABW-2002,ABW,Aruba,2002,49.45
ABW-2003,ABW,Aruba,2003,35.0
ABW-2004,ABW,Aruba,2004,35.0
ABW-2005,ABW,Aruba,2005,35.0
ABW-2006,ABW,Aruba,2006,35.0
ABW-2007,ABW,Aruba,2007,28.0
ABW-2008,ABW,Aruba,2008,28.0
ABW-2009,ABW,Aruba,2009,28.0
ABW-2010,ABW,Aruba,2010,28.0
ABW-2011,ABW,Aruba,2011,28.0
ABW-2012,ABW,Aruba,2012,28.0
ABW-2013,ABW,Aruba,2013,28.0
ABW-2014,ABW,Aruba,2014,28.0
ABW-2015,ABW,Aruba,2015,28.0
ABW-2016,ABW,Aruba,2016,25.0
ABW-2017,ABW,Aruba,2017,25.0
ABW-2018,ABW,Aruba,2018,25.0
ABW-2019,ABW,Aruba,2019,25.0
ABW-2020,ABW,Aruba,2020,25.0
ABW-2021,ABW,Aruba,2021,25.0
ABW-2022,ABW,Aruba,2022,25.0
GRD-2001,GRD,Grenada,2001,30.0
GRD-2002,GRD,Grenada,2002,30.0
GRD-2003,GRD,Grenada,2003,30.0
GRD-2004,GRD,Grenada,2004,30.0
GRD-2005,GRD,Grenada,2005,30.0
GRD-2006,GRD,Grenada,2006,30.0
GRD-2007,GRD,Grenada,2007,30.0
GRD-2008,GRD,Grenada,2008,30.0
GRD-2009,GRD,Grenada,2009,30.0
GRD-2010,GRD,Grenada,2010,30.0
GRD-2011,GRD,Grenada,2011,30.0
GRD-2012,GRD,Grenada,2012,30.0
GRD-2013,GRD,Grenada,2013,30.0
GRD-2014,GRD,Grenada,2014,30.0
GRD-2015,GRD,Grenada,2015,30.0
GRD-2016,GRD,Grenada,2016,30.0
GRD-2017,GRD,Grenada,2017,30.0
GRD-2018,GRD,Grenada,2018,30.0
GRD-2019,GRD,Grenada,2019,28.0
GRD-2020,GRD,Grenada,2020,28.0
GRD-2021,GRD,Grenada,2021,28.0
GRD-2022,GRD,Grenada,2022,28.0
LCA-2001,LCA,Saint Lucia,2001,30.0
LCA-2002,LCA,Saint Lucia,2002,30.0
LCA-2003,LCA,Saint Lucia,2003,30.0
LCA-2004,LCA,Saint Lucia,2004,30.0
LCA-2005,LCA,Saint Lucia,2005,30.0
LCA-2006,LCA,Saint Lucia,2006,30.0
LCA-2007,LCA,Saint Lucia,2007,30.0
LCA-2008,LCA,Saint Lucia,2008,30.0
LCA-2009,LCA,Saint Lucia,2009,30.0
LCA-2010,LCA,Saint Lucia,2010,30.0
LCA-2011,LCA,Saint Lucia,2011,30.0
LCA-2012,LCA,Saint Lucia,2012,30.0
LCA-2013,LCA,Saint Lucia,2013,30.0
LCA-2014,LCA,Saint Lucia,2014,30.0
LCA-2015,LCA,Saint Lucia,2015,30.0
LCA-2016,LCA,Saint Lucia,2016,30.0
LCA-2017,LCA,Saint Lucia,2017,30.0
LCA-2018,LCA,Saint Lucia,2018,30.0
LCA-2019,LCA,Saint Lucia,2019,30.0
LCA-2020,LCA,Saint Lucia,2020,30.0
LCA-2021,LCA,Saint Lucia,2021,30.0
LCA-2022,LCA,Saint Lucia,2022,30.0
MKD-2001,MKD,North Macedonia,2001,15.0
MKD-2002,MKD,North Macedonia,2002,15.0
MKD-2003,MKD,North Macedonia,2003,15.0
MKD-2004,MKD,North Macedonia,2004,15.0
MKD-2005,MKD,North Macedonia,2005,15.0
MKD-2006,MKD,North Macedonia,2006,15.0
MKD-2007,MKD,North Macedonia,2007,12.0
MKD-2008,MKD,North Macedonia,2008,10.0
MKD-2009,MKD,North Macedonia,2009,10.0
MKD-2010,MKD,North Macedonia,2010,10.0
MKD-2011,MKD,North Macedonia,2011,10.0
MKD-2012,MKD,North Macedonia,2012,10.0
MKD-2013,MKD,North Macedonia,2013,10.0
MKD-2014,MKD,North Macedonia,2014,10.0
MKD-2015,MKD,North Macedonia,2015,10.0
MKD-2016,MKD,North Macedonia,2016,10.0
MKD-2017,MKD,North Macedonia,2017,10.0
MKD-2018,MKD,North Macedonia,2018,10.0
MKD-2019,MKD,North Macedonia,2019,10.0
MKD-2020,MKD,North Macedonia,2020,10.0
MKD-2021,MKD,North Macedonia,2021,10.0
MKD-2022,MKD,North Macedonia,2022,10.0
BIH-2001,BIH,Bosnia and Herzegovina,2001,30.0
BIH-2002,BIH,Bosnia and Herzegovina,2002,30.0
BIH-2003,BIH,Bosnia and Herzegovina,2003,30.0
BIH-2004,BIH,Bosnia and Herzegovina,2004,30.0
BIH-2005,BIH,Bosnia and Herzegovina,2005,30.0
BIH-2006,BIH,Bosnia and Herzegovina,2006,30.0
BIH-2007,BIH,Bosnia and Herzegovina,2007,30.0
BIH-2008,BIH,Bosnia and Herzegovina,2008,10.0
BIH-2009,BIH,Bosnia and Herzegovina,2009,10.0
BIH-2010,BIH,Bosnia and Herzegovina,2010,10.0
BIH-2011,BIH,Bosnia and Herzegovina,2011,10.0
BIH-2012,BIH,Bosnia and Herzegovina,2012,10.0
BIH-2013,BIH,Bosnia and Herzegovina,2013,10.0
BIH-2014,BIH,Bosnia and Herzegovina,2014,10.0
BIH-2015,BIH,Bosnia and Herzegovina,2015,10.0
BIH-2016,BIH,Bosnia and Herzegovina,2016,10.0
BIH-2017,BIH,Bosnia and Herzegovina,2017,10.0
BIH-2018,BIH,Bosnia and Herzegovina,2018,10.0
BIH-2019,BIH,Bosnia and Herzegovina,2019,10.0
BIH-2020,BIH,Bosnia and Herzegovina,2020,10.0
BIH-2021,BIH,Bosnia and Herzegovina,2021,10.0
BIH-2022,BIH,Bosnia and Herzegovina,2022,10.0
GEO-2001,GEO,Georgia,2001,20.0
GEO-2002,GEO,Georgia,2002,20.0
GEO-2003,GEO,Georgia,2003,20.0
GEO-2004,GEO,Georgia,2004,20.0
GEO-2005,GEO,Georgia,2005,20.0
GEO-2006,GEO,Georgia,2006,20.0
GEO-2007,GEO,Georgia,2007,20.0
GEO-2008,GEO,Georgia,2008,15.0
GEO-2009,GEO,Georgia,2009,15.0
GEO-2010,GEO,Georgia,2010,15.0
GEO-2011,GEO,Georgia,2011,15.0
GEO-2012,GEO,Georgia,2012,15.0
GEO-2013,GEO,Georgia,2013,15.0
GEO-2014,GEO,Georgia,2014,15.0
GEO-2015,GEO,Georgia,2015,15.0
GEO-2016,GEO,Georgia,2016,15.0
GEO-2017,GEO,Georgia,2017,15.0
GEO-2018,GEO,Georgia,2018,15.0
GEO-2019,GEO,Georgia,2019,15.0
GEO-2020,GEO,Georgia,2020,15.0
GEO-2021,GEO,Georgia,2021,15.0
GEO-2022,GEO,Georgia,2022,15.0
COL-2001,COL,Colombia,2001,35.0
COL-2002,COL,Colombia,2002,35.0
COL-2003,COL,Colombia,2003,36.75
COL-2004,COL,Colombia,2004,38.5
COL-2005,COL,Colombia,2005,38.5
COL-2006,COL,Colombia,2006,38.5
COL-2007,COL,Colombia,2007,34.0
COL-2008,COL,Colombia,2008,33.0
COL-2009,COL,Colombia,2009,33.0
COL-2010,COL,Colombia,2010,33.0
COL-2011,COL,Colombia,2011,33.0
COL-2012,COL,Colombia,2012,33.0
COL-2013,COL,Colombia,2013,34.0
COL-2014,COL,Colombia,2014,34.0
COL-2015,COL,Colombia,2015,39.0
COL-2016,COL,Colombia,2016,40.0
COL-2017,COL,Colombia,2017,40.0
COL-2018,COL,Colombia,2018,37.0
COL-2019,COL,Colombia,2019,33.0
COL-2020,COL,Colombia,2020,32.0
COL-2021,COL,Colombia,2021,31.0
COL-2022,COL,Colombia,2022,35.0
BLZ-2001,BLZ,Belize,2001,25.0
BLZ-2002,BLZ,Belize,2002,25.0
BLZ-2003,BLZ,Belize,2003,25.0
BLZ-2004,BLZ,Belize,2004,25.0
BLZ-2005,BLZ,Belize,2005,25.0
BLZ-2006,BLZ,Belize,2006,25.0
BLZ-2007,BLZ,Belize,2007,25.0
BLZ-2008,BLZ,Belize,2008,25.0
BLZ-2009,BLZ,Belize,2009,25.0
BLZ-2010,BLZ,Belize,2010,25.0
BLZ-2011,BLZ,Belize,2011,25.0
BLZ-2012,BLZ,Belize,2012,25.0
BLZ-2013,BLZ,Belize,2013,25.0
BLZ-2014,BLZ,Belize,2014,25.0
BLZ-2015,BLZ,Belize,2015,25.0
BLZ-2016,BLZ,Belize,2016,25.0
BLZ-2017,BLZ,Belize,2017,25.0
BLZ-2018,BLZ,Belize,2018,25.0
BLZ-2019,BLZ,Belize,2019,25.0
BLZ-2020,BLZ,Belize,2020,0.0
BLZ-2021,BLZ,Belize,2021,0.0
BLZ-2022,BLZ,Belize,2022,0.0
GRL-2001,GRL,Greenland,2001,37.1
GRL-2002,GRL,Greenland,2002,37.1
GRL-2003,GRL,Greenland,2003,37.1
GRL-2004,GRL,Greenland,2004,37.1
GRL-2005,GRL,Greenland,2005,37.1
GRL-2006,GRL,Greenland,2006,37.1
GRL-2007,GRL,Greenland,2007,31.8
GRL-2008,GRL,Greenland,2008,31.8
GRL-2009,GRL,Greenland,2009,31.8
GRL-2010,GRL,Greenland,2010,31.8
GRL-2011,GRL,Greenland,2011,31.8
GRL-2012,GRL,Greenland,2012,31.8
GRL-2013,GRL,Greenland,2013,31.8
GRL-2014,GRL,Greenland,2014,31.8
GRL-2015,GRL,Greenland,2015,31.8
GRL-2016,GRL,Greenland,2016,31.8
GRL-2017,GRL,Greenland,2017,31.8
GRL-2018,GRL,Greenland,2018,31.8
GRL-2019,GRL,Greenland,2019,31.8
GRL-2020,GRL,Greenland,2020,26.5
GRL-2021,GRL,Greenland,2021,26.5
GRL-2022,GRL,Greenland,2022,26.5
NAM-2001,NAM,Namibia,2001,35.0
NAM-2002,NAM,Namibia,2002,35.0
NAM-2003,NAM,Namibia,2003,35.0
NAM-2004,NAM,Namibia,2004,35.0
NAM-2005,NAM,Namibia,2005,35.0
NAM-2006,NAM,Namibia,2006,35.0
NAM-2007,NAM,Namibia,2007,35.0
NAM-2008,NAM,Namibia,2008,35.0
NAM-2009,NAM,Namibia,2009,35.0
NAM-2010,NAM,Namibia,2010,34.0
NAM-2011,NAM,Namibia,2011,34.0
NAM-2012,NAM,Namibia,2012,34.0
NAM-2013,NAM,Namibia,2013,34.0
NAM-2014,NAM,Namibia,2014,33.0
NAM-2015,NAM,Namibia,2015,33.0
NAM-2016,NAM,Namibia,2016,32.0
NAM-2017,NAM,Namibia,2017,32.0
NAM-2018,NAM,Namibia,2018,32.0
NAM-2019,NAM,Namibia,2019,32.0
NAM-2020,NAM,Namibia,2020,32.0
NAM-2021,NAM,Namibia,2021,32.0
NAM-2022,NAM,Namibia,2022,32.0
FRO-2001,FRO,Faeroe Islands,2001,20.0
FRO-2002,FRO,Faeroe Islands,2002,20.0
FRO-2003,FRO,Faeroe Islands,2003,20.0
FRO-2004,FRO,Faeroe Islands,2004,20.0
FRO-2005,FRO,Faeroe Islands,2005,20.0
FRO-2006,FRO,Faeroe Islands,2006,18.0
FRO-2007,FRO,Faeroe Islands,2007,18.0
FRO-2008,FRO,Faeroe Islands,2008,18.0
FRO-2009,FRO,Faeroe Islands,2009,18.0
FRO-2010,FRO,Faeroe Islands,2010,18.0
FRO-2011,FRO,Faeroe Islands,2011,18.0
FRO-2012,FRO,Faeroe Islands,2012,18.0
FRO-2013,FRO,Faeroe Islands,2013,18.0
FRO-2014,FRO,Faeroe Islands,2014,18.0
FRO-2015,FRO,Faeroe Islands,2015,18.0
FRO-2016,FRO,Faeroe Islands,2016,18.0
FRO-2017,FRO,Faeroe Islands,2017,18.0
FRO-2018,FRO,Faeroe Islands,2018,18.0
FRO-2019,FRO,Faeroe Islands,2019,18.0
FRO-2020,FRO,Faeroe Islands,2020,18.0
FRO-2021,FRO,Faeroe Islands,2021,18.0
FRO-2022,FRO,Faeroe Islands,2022,18.0
SMR-2001,SMR,San Marino,2001,24.0
SMR-2002,SMR,San Marino,2002,24.0
SMR-2003,SMR,San Marino,2003,24.0
SMR-2004,SMR,San Marino,2004,24.0
SMR-2005,SMR,San Marino,2005,19.0
SMR-2006,SMR,San Marino,2006,19.0
SMR-2007,SMR,San Marino,2007,17.0
SMR-2008,SMR,San Marino,2008,17.0
SMR-2009,SMR,San Marino,2009,17.0
SMR-2010,SMR,San Marino,2010,17.0
SMR-2011,SMR,San Marino,2011,17.0
SMR-2012,SMR,San Marino,2012,17.0
SMR-2013,SMR,San Marino,2013,17.0
SMR-2014,SMR,San Marino,2014,17.0
SMR-2015,SMR,San Marino,2015,17.0
SMR-2016,SMR,San Marino,2016,17.0
SMR-2017,SMR,San Marino,2017,17.0
SMR-2018,SMR,San Marino,2018,17.0
SMR-2019,SMR,San Marino,2019,17.0
SMR-2020,SMR,San Marino,2020,17.0
SMR-2021,SMR,San Marino,2021,17.0
SMR-2022,SMR,San Marino,2022,17.0
ALB-2001,ALB,Albania,2001,25.0
ALB-2002,ALB,Albania,2002,25.0
ALB-2003,ALB,Albania,2003,25.0
ALB-2004,ALB,Albania,2004,25.0
ALB-2005,ALB,Albania,2005,23.0
ALB-2006,ALB,Albania,2006,20.0
ALB-2007,ALB,Albania,2007,20.0
ALB-2008,ALB,Albania,2008,10.0
ALB-2009,ALB,Albania,2009,10.0
ALB-2010,ALB,Albania,2010,10.0
ALB-2011,ALB,Albania,2011,10.0
ALB-2012,ALB,Albania,2012,10.0
ALB-2013,ALB,Albania,2013,10.0
ALB-2014,ALB,Albania,2014,15.0
ALB-2015,ALB,Albania,2015,15.0
ALB-2016,ALB,Albania,2016,15.0
ALB-2017,ALB,Albania,2017,15.0
ALB-2018,ALB,Albania,2018,15.0
ALB-2019,ALB,Albania,2019,15.0
ALB-2020,ALB,Albania,2020,15.0
ALB-2021,ALB,Albania,2021,15.0
ALB-2022,ALB,Albania,2022,15.0
DMA-2001,DMA,Dominica,2001,30.0
DMA-2002,DMA,Dominica,2002,30.0
DMA-2003,DMA,Dominica,2003,30.0
DMA-2004,DMA,Dominica,2004,30.0
DMA-2005,DMA,Dominica,2005,30.0
DMA-2006,DMA,Dominica,2006,30.0
DMA-2007,DMA,Dominica,2007,30.0
DMA-2008,DMA,Dominica,2008,30.0
DMA-2009,DMA,Dominica,2009,30.0
DMA-2010,DMA,Dominica,2010,30.0
DMA-2011,DMA,Dominica,2011,30.0
DMA-2012,DMA,Dominica,2012,30.0
DMA-2013,DMA,Dominica,2013,30.0
DMA-2014,DMA,Dominica,2014,30.0
DMA-2015,DMA,Dominica,2015,28.0
DMA-2016,DMA,Dominica,2016,25.0
DMA-2017,DMA,Dominica,2017,25.0
DMA-2018,DMA,Dominica,2018,25.0
DMA-2019,DMA,Dominica,2019,25.0
DMA-2020,DMA,Dominica,2020,25.0
DMA-2021,DMA,Dominica,2021,25.0
DMA-2022,DMA,Dominica,2022,25.0
CRI-2001,CRI,Costa Rica,2001,30.0
CRI-2002,CRI,Costa Rica,2002,30.0
CRI-2003,CRI,Costa Rica,2003,30.0
CRI-2004,CRI,Costa Rica,2004,30.0
CRI-2005,CRI,Costa Rica,2005,30.0
CRI-2006,CRI,Costa Rica,2006,30.0
CRI-2007,CRI,Costa Rica,2007,30.0
CRI-2008,CRI,Costa Rica,2008,30.0
CRI-2009,CRI,Costa Rica,2009,30.0
CRI-2010,CRI,Costa Rica,2010,30.0
CRI-2011,CRI,Costa Rica,2011,30.0
CRI-2012,CRI,Costa Rica,2012,30.0
CRI-2013,CRI,Costa Rica,2013,30.0
CRI-2014,CRI,Costa Rica,2014,30.0
CRI-2015,CRI,Costa Rica,2015,30.0
CRI-2016,CRI,Costa Rica,2016,30.0
CRI-2017,CRI,Costa Rica,2017,30.0
CRI-2018,CRI,Costa Rica,2018,30.0
CRI-2019,CRI,Costa Rica,2019,30.0
CRI-2020,CRI,Costa Rica,2020,30.0
CRI-2021,CRI,Costa Rica,2021,30.0
CRI-2022,CRI,Costa Rica,2022,30.0
SWZ-2001,SWZ,Eswatini,2001,30.0
SWZ-2002,SWZ,Eswatini,2002,30.0
SWZ-2003,SWZ,Eswatini,2003,30.0
SWZ-2004,SWZ,Eswatini,2004,30.0
SWZ-2005,SWZ,Eswatini,2005,30.0
SWZ-2006,SWZ,Eswatini,2006,30.0
SWZ-2007,SWZ,Eswatini,2007,30.0
SWZ-2008,SWZ,Eswatini,2008,30.0
SWZ-2009,SWZ,Eswatini,2009,30.0
SWZ-2010,SWZ,Eswatini,2010,30.0
SWZ-2011,SWZ,Eswatini,2011,30.0
SWZ-2012,SWZ,Eswatini,2012,30.0
SWZ-2013,SWZ,Eswatini,2013,30.0
SWZ-2014,SWZ,Eswatini,2014,27.5
SWZ-2015,SWZ,Eswatini,2015,27.5
SWZ-2016,SWZ,Eswatini,2016,27.5
SWZ-2017,SWZ,Eswatini,2017,27.5
SWZ-2018,SWZ,Eswatini,2018,27.5
SWZ-2019,SWZ,Eswatini,2019,27.5
SWZ-2020,SWZ,Eswatini,2020,27.5
SWZ-2021,SWZ,Eswatini,2021,27.5
SWZ-2022,SWZ,Eswatini,2022,27.5
ARM-2001,ARM,Armenia,2001,20.0
ARM-2002,ARM,Armenia,2002,20.0
ARM-2003,ARM,Armenia,2003,20.0
ARM-2004,ARM,Armenia,2004,20.0
ARM-2005,ARM,Armenia,2005,20.0
ARM-2006,ARM,Armenia,2006,20.0
ARM-2007,ARM,Armenia,2007,20.0
ARM-2008,ARM,Armenia,2008,20.0
ARM-2009,ARM,Armenia,2009,20.0
ARM-2010,ARM,Armenia,2010,20.0
ARM-2011,ARM,Armenia,2011,20.0
ARM-2012,ARM,Armenia,2012,20.0
ARM-2013,ARM,Armenia,2013,20.0
ARM-2014,ARM,Armenia,2014,20.0
ARM-2015,ARM,Armenia,2015,20.0
ARM-2016,ARM,Armenia,2016,20.0
ARM-2017,ARM,Armenia,2017,20.0
ARM-2018,ARM,Armenia,2018,20.0
ARM-2019,ARM,Armenia,2019,20.0
ARM-2020,ARM,Armenia,2020,18.0
ARM-2021,ARM,Armenia,2021,18.0
ARM-2022,ARM,Armenia,2022,18.0
UKR-2001,UKR,Ukraine,2001,30.0
UKR-2002,UKR,Ukraine,2002,35.0
UKR-2003,UKR,Ukraine,2003,35.0
UKR-2004,UKR,Ukraine,2004,30.0
UKR-2005,UKR,Ukraine,2005,30.0
UKR-2006,UKR,Ukraine,2006,30.0
UKR-2007,UKR,Ukraine,2007,30.0
UKR-2008,UKR,Ukraine,2008,25.0
UKR-2009,UKR,Ukraine,2009,25.0
UKR-2010,UKR,Ukraine,2010,25.0
UKR-2011,UKR,Ukraine,2011,25.0
UKR-2012,UKR,Ukraine,2012,25.0
UKR-2013,UKR,Ukraine,2013,25.0
UKR-2014,UKR,Ukraine,2014,25.0
UKR-2015,UKR,Ukraine,2015,25.0
UKR-2016,UKR,Ukraine,2016,25.0
UKR-2017,UKR,Ukraine,2017,25.0
UKR-2018,UKR,Ukraine,2018,25.0
UKR-2019,UKR,Ukraine,2019,25.0
UKR-2020,UKR,Ukraine,2020,25.0
UKR-2021,UKR,Ukraine,2021,25.0
UKR-2022,UKR,Ukraine,2022,25.0
HND-2001,HND,Honduras,2001,25.0
HND-2002,HND,Honduras,2002,25.0
HND-2003,HND,Honduras,2003,30.0
HND-2004,HND,Honduras,2004,30.0
HND-2005,HND,Honduras,2005,30.0
HND-2006,HND,Honduras,2006,30.0
HND-2007,HND,Honduras,2007,30.0
HND-2008,HND,Honduras,2008,30.0
HND-2009,HND,Honduras,2009,30.0
HND-2010,HND,Honduras,2010,35.0
HND-2011,HND,Honduras,2011,30.0
HND-2012,HND,Honduras,2012,31.0
HND-2013,HND,Honduras,2013,30.0
HND-2014,HND,Honduras,2014,30.0
HND-2015,HND,Honduras,2015,30.0
HND-2016,HND,Honduras,2016,30.0
HND-2017,HND,Honduras,2017,30.0
HND-2018,HND,Honduras,2018,30.0
HND-2019,HND,Honduras,2019,30.0
HND-2020,HND,Honduras,2020,30.0
HND-2021,HND,Honduras,2021,30.0
HND-2022,HND,Honduras,2022,30.0
TUN-2001,TUN,Tunisia,2001,33.0
TUN-2002,TUN,Tunisia,2002,33.0
TUN-2003,TUN,Tunisia,2003,33.0
TUN-2004,TUN,Tunisia,2004,33.0
TUN-2005,TUN,Tunisia,2005,35.0
TUN-2006,TUN,Tunisia,2006,35.0
TUN-2007,TUN,Tunisia,2007,30.0
TUN-2008,TUN,Tunisia,2008,30.0
TUN-2009,TUN,Tunisia,2009,30.0
TUN-2010,TUN,Tunisia,2010,30.0
TUN-2011,TUN,Tunisia,2011,30.0
TUN-2012,TUN,Tunisia,2012,30.0
TUN-2013,TUN,Tunisia,2013,30.0
TUN-2014,TUN,Tunisia,2014,25.0
TUN-2015,TUN,Tunisia,2015,25.0
TUN-2016,TUN,Tunisia,2016,25.0
TUN-2017,TUN,Tunisia,2017,25.0
TUN-2018,TUN,Tunisia,2018,25.0
TUN-2019,TUN,Tunisia,2019,25.0
TUN-2020,TUN,Tunisia,2020,25.0
TUN-2021,TUN,Tunisia,2021,15.0
TUN-2022,TUN,Tunisia,2022,15.0
GIB-2001,GIB,Gibraltar,2001,35.0
GIB-2002,GIB,Gibraltar,2002,35.0
GIB-2003,GIB,Gibraltar,2003,35.0
GIB-2004,GIB,Gibraltar,2004,35.0
GIB-2005,GIB,Gibraltar,2005,35.0
GIB-2006,GIB,Gibraltar,2006,35.0
GIB-2007,GIB,Gibraltar,2007,33.0
GIB-2008,GIB,Gibraltar,2008,27.0
GIB-2009,GIB,Gibraltar,2009,22.0
GIB-2010,GIB,Gibraltar,2010,22.0
GIB-2011,GIB,Gibraltar,2011,10.0
GIB-2012,GIB,Gibraltar,2012,10.0
GIB-2013,GIB,Gibraltar,2013,10.0
GIB-2014,GIB,Gibraltar,2014,10.0
GIB-2015,GIB,Gibraltar,2015,10.0
GIB-2016,GIB,Gibraltar,2016,10.0
GIB-2017,GIB,Gibraltar,2017,10.0
GIB-2018,GIB,Gibraltar,2018,10.0
GIB-2019,GIB,Gibraltar,2019,10.0
GIB-2020,GIB,Gibraltar,2020,10.0
GIB-2021,GIB,Gibraltar,2021,10.0
GIB-2022,GIB,Gibraltar,2022,12.5
COK-2001,COK,Cook Islands,2001,0.0
COK-2002,COK,Cook Islands,2002,0.0
COK-2003,COK,Cook Islands,2003,0.0
COK-2004,COK,Cook Islands,2004,0.0
COK-2005,COK,Cook Islands,2005,0.0
COK-2006,COK,Cook Islands,2006,0.0
COK-2007,COK,Cook Islands,2007,0.0
COK-2008,COK,Cook Islands,2008,0.0
COK-2009,COK,Cook Islands,2009,0.0
COK-2010,COK,Cook Islands,2010,0.0
COK-2011,COK,Cook Islands,2011,0.0
COK-2012,COK,Cook Islands,2012,0.0
COK-2013,COK,Cook Islands,2013,0.0
COK-2014,COK,Cook Islands,2014,0.0
COK-2015,COK,Cook Islands,2015,0.0
COK-2016,COK,Cook Islands,2016,0.0
COK-2017,COK,Cook Islands,2017,0.0
COK-2018,COK,Cook Islands,2018,0.0
COK-2019,COK,Cook Islands,2019,20.0
COK-2020,COK,Cook Islands,2020,20.0
COK-2021,COK,Cook Islands,2021,20.0
COK-2022,COK,Cook Islands,2022,20.0
MNE-2001,MNE,Montenegro,2001,20.0
MNE-2002,MNE,Montenegro,2002,20.0
MNE-2003,MNE,Montenegro,2003,20.0
MNE-2004,MNE,Montenegro,2004,9.0
MNE-2005,MNE,Montenegro,2005,9.0
MNE-2006,MNE,Montenegro,2006,9.0
MNE-2007,MNE,Montenegro,2007,9.0
MNE-2008,MNE,Montenegro,2008,9.0
MNE-2009,MNE,Montenegro,2009,9.0
MNE-2010,MNE,Montenegro,2010,9.0
MNE-2011,MNE,Montenegro,2011,9.0
MNE-2012,MNE,Montenegro,2012,9.0
MNE-2013,MNE,Montenegro,2013,9.0
MNE-2014,MNE,Montenegro,2014,9.0
MNE-2015,MNE,Montenegro,2015,9.0
MNE-2016,MNE,Montenegro,2016,9.0
MNE-2017,MNE,Montenegro,2017,9.0
MNE-2018,MNE,Montenegro,2018,9.0
MNE-2019,MNE,Montenegro,2019,9.0
MNE-2020,MNE,Montenegro,2020,9.0
MNE-2021,MNE,Montenegro,2021,9.0
MNE-2022,MNE,Montenegro,2022,15.0
TTO-2001,TTO,Trinidad and Tobago,2001,35.0
TTO-2002,TTO,Trinidad and Tobago,2002,35.0
TTO-2003,TTO,Trinidad and Tobago,2003,35.0
TTO-2004,TTO,Trinidad and Tobago,2004,35.0
TTO-2005,TTO,Trinidad and Tobago,2005,35.0
TTO-2006,TTO,Trinidad and Tobago,2006,35.0
TTO-2007,TTO,Trinidad and Tobago,2007,30.0
TTO-2008,TTO,Trinidad and Tobago,2008,30.0
TTO-2009,TTO,Trinidad and Tobago,2009,30.0
TTO-2010,TTO,Trinidad and Tobago,2010,30.0
TTO-2011,TTO,Trinidad and Tobago,2011,30.0
TTO-2012,TTO,Trinidad and Tobago,2012,30.0
TTO-2013,TTO,Trinidad and Tobago,2013,30.0
TTO-2014,TTO,Trinidad and Tobago,2014,25.0
TTO-2015,TTO,Trinidad and Tobago,2015,25.0
TTO-2016,TTO,Trinidad and Tobago,2016,25.0
TTO-2017,TTO,Trinidad and Tobago,2017,25.0
TTO-2018,TTO,Trinidad and Tobago,2018,25.0
TTO-2019,TTO,Trinidad and Tobago,2019,25.0
TTO-2020,TTO,Trinidad and Tobago,2020,25.0
TTO-2021,TTO,Trinidad and Tobago,2021,15.0
TTO-2022,TTO,Trinidad and Tobago,2022,15.0
